SELECT * FROM comment;
SELECT * FROM follow;
SELECT * FROM partner;
SELECT * FROM partnerattachment;
SELECT * FROM partnermenu;
SELECT * FROM storereview;
SELECT * FROM partnerreviewattachment;
SELECT * FROM role;
SELECT * FROM userrole;
SELECT * FROM user;
SELECT * FROM partnerreq;
SELECT * FROM reviewlike;
SELECT * FROM waiting;




#
# insert into user (id, username,birthdate,activated, password,nickName, name, bio , email)
# values (2, 'admin', '910309','','$2a$08$lDnHPz7eUkSi6ao14Twuau08mzhWrL4kyZGGU5xfiGALO/Vxd5DOi' ,'송', 'admin', 'ㅇㅇㄴ', 'mino030@naver.com');
#
# insert into userrole (userId, roleId) values (2,1);
# insert into userrole (userId, roleId) values (1,3);
#
# insert into userrole (userId, roleId) values (3,2);

insert into role (id, roleName) values
    (1, 'ROLE_MEMBER'),
    (2, 'ROLE_PARTNER'),
    (3, 'ROLE_ADMIN');



# #---------------------재환----------------------------------------------
# insert into partner (lat, lng, id,  userId, area, corkCharge, favorite, storeInfo, openTime, parking, partnerName, partnerPhone, partnerState, reserveInfo, storeName, storePhone, tableCnt, zipCode)
# values (37.5283169, 126.9294254, 1,  2, "서울", 'TRUE', "일식", "돈까스 판매", 2024-02-02, 'TRUE', "짱구", "010-1234-1234", 'TRUE', "이게뭐지", "돈까스집", "010-7777-7777", 20, "01241421");
#
# insert into partnerattachment (isImage, id, partnerId, description, filename, imageUrl, sourcename)
# values (1, 1, 1, '하이', '파일네임', '이미지URL', 'sourcename');
#

# insert into partnermenu (id, name, price, regDate, attachment_id, partnerId)
# VALUES (1, '김밥', '1000원', '2024-02-13 13:48:28.177494', 3, 1);
#


# --------유저---------------------------------------------------------

insert into user (id,username,createdAt ,password,name, nickName,birthdate,email,phone,activated,temperature,profileImageUrl) values

(1,'user1','2024-02-26 13:48:28.177494','$2a$10$WiGFjlDZzzmNuFWDmv4jsOK56flmJpmWLe1ATuiiMZHChQ8UXdPfG' , '송1','사용자1','910309','mino030@naver.com','01000000000',1,'10','https://eatablebucket.s3.ap-northeast-2.amazonaws.com/userdefault.png'),
(2,'user2','2024-02-26 13:48:28.177494','$2a$10$Mh6/AJAbQ29bHY.X5iZqFuZLr/JlJ7Wf1AxdsiIZgP5Y.ukLBvL0i' , '송2','사용자2','910309','mino030@naver.com','01000000000',1,'10','https://eatablebucket.s3.ap-northeast-2.amazonaws.com/userdefault.png'),
(3,'user3','2024-02-26 13:48:28.177494','$2a$10$pk2f0TiYdi94YbsL7HN34ujY6A8REMn/6CusdvsbZZv2K183s/Lfq' , '송3','사용자3','910309','mino030@naver.com','01000000000',1,'10','https://eatablebucket.s3.ap-northeast-2.amazonaws.com/userdefault.png'),
(4,'user4','2024-02-26 13:48:28.177494','$2a$10$mD/DNyndOu94zmvkwLGgQuG7AzfD3UirxagramZoe5YT87Ifa0.6y' , '송4','사용자4','910309','mino030@naver.com','01000000000',1,'10','https://eatablebucket.s3.ap-northeast-2.amazonaws.com/userdefault.png'),
(5,'user5','2024-02-26 13:48:28.177494','$2a$10$.3rd2iOf9tVWqt.k2tHtRe0gTXUx.9Pbv.8d/al2/nnRnpVJcK.Q2' , '송5','사용자5','910309','mino030@naver.com','01000000000',1,'10','https://eatablebucket.s3.ap-northeast-2.amazonaws.com/userdefault.png'),
(6,'user6','2024-02-26 13:48:28.177494','$2a$10$AbfaPhMEsMBc2UWGlwxUs.3FEEG5Ghz22AM136dz4EBMBcdHHGA2m' , '송6','사용자6','910309','mino030@naver.com','01000000000',1,'10','https://eatablebucket.s3.ap-northeast-2.amazonaws.com/userdefault.png'),
(7,'user7','2024-02-26 13:48:28.177494','$2a$10$4i6V33LcygnNnTU5ygF4n.jEFFTQI2c6bOxsrfljmdnGwkM7PPIxq' , '송7','사용자7','910309','mino030@naver.com','01000000000',1,'10','https://eatablebucket.s3.ap-northeast-2.amazonaws.com/userdefault.png'),
(8,'user8','2024-02-26 13:48:28.177494','$2a$10$dATltd.bTWXmN1EjMFuW5e3BS2t6irG1Vq98SHaxVAHIzE3063sd2' , '송8','사용자8','910309','mino030@naver.com','01000000000',1,'10','https://eatablebucket.s3.ap-northeast-2.amazonaws.com/userdefault.png'),
(9,'user9','2024-02-26 13:48:28.177494','$2a$10$PND2lcJgIR8C2q6a01iPlenAx4UWDkzLboPOUb9HYXg7AdYBDT0yS' , '송9','사용자9','910309','mino030@naver.com','01000000000',1,'10','https://eatablebucket.s3.ap-northeast-2.amazonaws.com/userdefault.png'),
(10,'user10','2024-02-26 13:48:28.177494','$2a$10$o7pAABDQ/Ghpc3GfSB3qdu9eErBDIDBHczw2SXW5v.YfMcNtFlhAu' , '송10','사용자10','910309','mino030@naver.com','01000000000',1,'10','https://eatablebucket.s3.ap-northeast-2.amazonaws.com/userdefault.png'),
(11,'user11','2024-02-26 13:48:28.177494','$2a$10$k.3xPwvk3uScocdDII6pr.Nd2aoTENDzJcaeKfhdFd.1ddsoI.CS6' , '송11','사용자11','910309','mino030@naver.com','01000000000',1,'10','https://eatablebucket.s3.ap-northeast-2.amazonaws.com/userdefault.png'),
(12,'user12','2024-02-26 13:48:28.177494','$2a$10$vZIFoPn572QrY5SGJwd8/ebg3XBWFrHUhy9wNIixdXcWp0ShLVE3a' , '송12','사용자12','910309','mino030@naver.com','01000000000',1,'10','https://eatablebucket.s3.ap-northeast-2.amazonaws.com/userdefault.png'),
(13,'user13','2024-02-26 13:48:28.177494','$2a$10$Nb1.GGSccUbyUF24IV2sTe5oj0xgnXTRSE./mHNFobi.5j0wynISC' , '송13','사용자13','910309','mino030@naver.com','01000000000',1,'10','https://eatablebucket.s3.ap-northeast-2.amazonaws.com/userdefault.png'),
(14,'user14','2024-02-26 13:48:28.177494','$2a$10$pBbo8.J3Ff2IxSebDR.v0.aSK58qnOCqqMRyjSXV4Q7kqTHSxQpLW' , '송14','사용자14','910309','mino030@naver.com','01000000000',1,'10','https://eatablebucket.s3.ap-northeast-2.amazonaws.com/userdefault.png'),
(15,'user15','2024-02-26 13:48:28.177494','$2a$10$QyGEonrSoriwKneoQrdbOuWNYbM.BR8o/VWnBdldScP/OgztmdQIu' , '송15','사용자15','910309','mino030@naver.com','01000000000',1,'10','https://eatablebucket.s3.ap-northeast-2.amazonaws.com/userdefault.png'),
(16,'user16','2024-02-27 13:48:28.177494','$2a$10$82KGMdI8qYjPsz0JiAt6QuAptTO9QAm1J6sBjOzLvlQVADpYHp6Fi' , '송16','사용자16','910309','mino030@naver.com','01000000000',1,'10','https://eatablebucket.s3.ap-northeast-2.amazonaws.com/userdefault.png'),
(17,'user17','2024-02-27 13:48:28.177494','$2a$10$LCGhPEXqHEa/rIZThy9SOOAdtZ7xEHuoPmtIo5XCiu8FGBTRL.yWq' , '송17','사용자17','910309','mino030@naver.com','01000000000',1,'10','https://eatablebucket.s3.ap-northeast-2.amazonaws.com/userdefault.png'),
(18,'user18','2024-02-27 13:48:28.177494','$2a$10$lL3X.esOof03kubHUrjE3uQ9oGxBNqntr0mMUZawhS9YyJFAR6ul2' , '송18','사용자18','910309','mino030@naver.com','01000000000',1,'10','https://eatablebucket.s3.ap-northeast-2.amazonaws.com/userdefault.png'),
(19,'user19','2024-02-27 13:48:28.177494','$2a$10$FJ3095fmIqRMNPSd4OpouOWPmncVZUkyoulNg1/K5jhVFiJ/Znkfa' , '송19','사용자19','910309','mino030@naver.com','01000000000',1,'10','https://eatablebucket.s3.ap-northeast-2.amazonaws.com/userdefault.png'),
(20,'user20','2024-02-27 13:48:28.177494','$2a$10$FJ3095fmIqRMNPSd4OpouOWPmncVZUkyoulNg1/K5jhVFiJ/Znkfa' , '송20','사용자20','910309','mino030@naver.com','01000000000',1,'10','https://eatablebucket.s3.ap-northeast-2.amazonaws.com/userdefault.png'),
(21,'user21','2024-02-27 13:48:28.177494','$2a$10$FJ3095fmIqRMNPSd4OpouOWPmncVZUkyoulNg1/K5jhVFiJ/Znkfa' , '송21','사용자21','910309','mino030@naver.com','01000000000',1,'10','https://eatablebucket.s3.ap-northeast-2.amazonaws.com/userdefault.png'),
(22,'user22','2024-02-27 13:48:28.177494','$2a$10$FJ3095fmIqRMNPSd4OpouOWPmncVZUkyoulNg1/K5jhVFiJ/Znkfa' , '송22','사용자22','910309','mino030@naver.com','01000000000',1,'10','https://eatablebucket.s3.ap-northeast-2.amazonaws.com/userdefault.png'),
(23,'user23','2024-02-27 13:48:28.177494','$2a$10$FJ3095fmIqRMNPSd4OpouOWPmncVZUkyoulNg1/K5jhVFiJ/Znkfa' , '송23','사용자23','910309','mino030@naver.com','01000000000',1,'10','https://eatablebucket.s3.ap-northeast-2.amazonaws.com/userdefault.png'),
(24,'user24','2024-02-27 13:48:28.177494','$2a$10$FJ3095fmIqRMNPSd4OpouOWPmncVZUkyoulNg1/K5jhVFiJ/Znkfa' , '송24','사용자24','910309','mino030@naver.com','01000000000',1,'10','https://eatablebucket.s3.ap-northeast-2.amazonaws.com/userdefault.png'),
(25,'user25','2024-02-27 13:48:28.177494','$2a$10$FJ3095fmIqRMNPSd4OpouOWPmncVZUkyoulNg1/K5jhVFiJ/Znkfa' , '송25','사용자25','910309','mino030@naver.com','01000000000',1,'10','https://eatablebucket.s3.ap-northeast-2.amazonaws.com/userdefault.png'),
(26,'user26','2024-02-27 13:48:28.177494','$2a$10$FJ3095fmIqRMNPSd4OpouOWPmncVZUkyoulNg1/K5jhVFiJ/Znkfa' , '송26','사용자26','910309','mino030@naver.com','01000000000',1,'10','https://eatablebucket.s3.ap-northeast-2.amazonaws.com/userdefault.png'),
(27,'user27','2024-02-27 13:48:28.177494','$2a$10$FJ3095fmIqRMNPSd4OpouOWPmncVZUkyoulNg1/K5jhVFiJ/Znkfa' , '송27','사용자27','910309','mino030@naver.com','01000000000',1,'10','https://eatablebucket.s3.ap-northeast-2.amazonaws.com/userdefault.png'),
(28,'user28','2024-02-27 13:48:28.177494','$2a$10$FJ3095fmIqRMNPSd4OpouOWPmncVZUkyoulNg1/K5jhVFiJ/Znkfa' , '송28','사용자28','910309','mino030@naver.com','01000000000',1,'10','https://eatablebucket.s3.ap-northeast-2.amazonaws.com/userdefault.png'),
(29,'user29','2024-02-28 13:48:28.177494','$2a$10$FJ3095fmIqRMNPSd4OpouOWPmncVZUkyoulNg1/K5jhVFiJ/Znkfa' , '송29','사용자29','910309','mino030@naver.com','01000000000',1,'10','https://eatablebucket.s3.ap-northeast-2.amazonaws.com/userdefault.png'),
(30,'user30','2024-02-28 13:48:28.177494','$2a$10$FJ3095fmIqRMNPSd4OpouOWPmncVZUkyoulNg1/K5jhVFiJ/Znkfa' , '송30','사용자30','910309','mino030@naver.com','01000000000',1,'10','https://eatablebucket.s3.ap-northeast-2.amazonaws.com/userdefault.png'),
(31,'user31','2024-02-28 13:48:28.177494','$2a$10$FJ3095fmIqRMNPSd4OpouOWPmncVZUkyoulNg1/K5jhVFiJ/Znkfa' , '송31','사용자31','910309','mino030@naver.com','01000000000',1,'10','https://eatablebucket.s3.ap-northeast-2.amazonaws.com/userdefault.png'),
(32,'user32','2024-02-28 13:48:28.177494','$2a$10$FJ3095fmIqRMNPSd4OpouOWPmncVZUkyoulNg1/K5jhVFiJ/Znkfa' , '송32','사용자32','910309','mino030@naver.com','01000000000',1,'10','https://eatablebucket.s3.ap-northeast-2.amazonaws.com/userdefault.png'),
(33,'user33','2024-02-28 13:48:28.177494','$2a$10$FJ3095fmIqRMNPSd4OpouOWPmncVZUkyoulNg1/K5jhVFiJ/Znkfa' , '송33','사용자33','910309','mino030@naver.com','01000000000',1,'10','https://eatablebucket.s3.ap-northeast-2.amazonaws.com/userdefault.png'),
(34,'user34','2024-02-28 13:48:28.177494','$2a$10$FJ3095fmIqRMNPSd4OpouOWPmncVZUkyoulNg1/K5jhVFiJ/Znkfa' , '송34','사용자34','910309','mino030@naver.com','01000000000',1,'10','https://eatablebucket.s3.ap-northeast-2.amazonaws.com/userdefault.png'),
(35,'user35','2024-02-28 13:48:28.177494','$2a$10$FJ3095fmIqRMNPSd4OpouOWPmncVZUkyoulNg1/K5jhVFiJ/Znkfa' , '송35','사용자35','910309','mino030@naver.com','01000000000',1,'10','https://eatablebucket.s3.ap-northeast-2.amazonaws.com/userdefault.png'),
(36,'user36','2024-02-28 13:48:28.177494','$2a$10$FJ3095fmIqRMNPSd4OpouOWPmncVZUkyoulNg1/K5jhVFiJ/Znkfa' , '송36','사용자36','910309','mino030@naver.com','01000000000',1,'10','https://eatablebucket.s3.ap-northeast-2.amazonaws.com/userdefault.png'),
(37,'user37','2024-02-28 13:48:28.177494','$2a$10$FJ3095fmIqRMNPSd4OpouOWPmncVZUkyoulNg1/K5jhVFiJ/Znkfa' , '송37','사용자37','910309','mino030@naver.com','01000000000',1,'10','https://eatablebucket.s3.ap-northeast-2.amazonaws.com/userdefault.png'),
(38,'user38','2024-02-28 13:48:28.177494','$2a$10$FJ3095fmIqRMNPSd4OpouOWPmncVZUkyoulNg1/K5jhVFiJ/Znkfa' , '송38','사용자38','910309','mino030@naver.com','01000000000',1,'10','https://eatablebucket.s3.ap-northeast-2.amazonaws.com/userdefault.png'),
(39,'user39','2024-02-28 13:48:28.177494','$2a$10$FJ3095fmIqRMNPSd4OpouOWPmncVZUkyoulNg1/K5jhVFiJ/Znkfa' , '송39','사용자39','910309','mino030@naver.com','01000000000',1,'10','https://eatablebucket.s3.ap-northeast-2.amazonaws.com/userdefault.png'),
(40,'user40','2024-02-28 13:48:28.177494','$2a$10$FJ3095fmIqRMNPSd4OpouOWPmncVZUkyoulNg1/K5jhVFiJ/Znkfa' , '송40','사용자40','910309','mino030@naver.com','01000000000',1,'10','https://eatablebucket.s3.ap-northeast-2.amazonaws.com/userdefault.png'),
(41,'user41','2024-02-28 13:48:28.177494','$2a$10$FJ3095fmIqRMNPSd4OpouOWPmncVZUkyoulNg1/K5jhVFiJ/Znkfa' , '송41','사용자41','910309','mino030@naver.com','01000000000',1,'10','https://eatablebucket.s3.ap-northeast-2.amazonaws.com/userdefault.png'),
(42,'user42','2024-02-28 13:48:28.177494','$2a$10$FJ3095fmIqRMNPSd4OpouOWPmncVZUkyoulNg1/K5jhVFiJ/Znkfa' , '송42','사용자42','910309','mino030@naver.com','01000000000',1,'10','https://eatablebucket.s3.ap-northeast-2.amazonaws.com/userdefault.png'),
(43,'user43','2024-02-28 13:48:28.177494','$2a$10$FJ3095fmIqRMNPSd4OpouOWPmncVZUkyoulNg1/K5jhVFiJ/Znkfa' , '송43','사용자43','910309','mino030@naver.com','01000000000',1,'10','https://eatablebucket.s3.ap-northeast-2.amazonaws.com/userdefault.png'),
(44,'user44','2024-02-28 13:48:28.177494','$2a$10$FJ3095fmIqRMNPSd4OpouOWPmncVZUkyoulNg1/K5jhVFiJ/Znkfa' , '송44','사용자44','910309','mino030@naver.com','01000000000',1,'10','https://eatablebucket.s3.ap-northeast-2.amazonaws.com/userdefault.png'),
(45,'user45','2024-02-28 13:48:28.177494','$2a$10$FJ3095fmIqRMNPSd4OpouOWPmncVZUkyoulNg1/K5jhVFiJ/Znkfa' , '송45','사용자45','910309','mino030@naver.com','01000000000',1,'10','https://eatablebucket.s3.ap-northeast-2.amazonaws.com/userdefault.png'),
(46,'user46','2024-02-28 13:48:28.177494','$2a$10$FJ3095fmIqRMNPSd4OpouOWPmncVZUkyoulNg1/K5jhVFiJ/Znkfa' , '송46','사용자46','910309','mino030@naver.com','01000000000',1,'10','https://eatablebucket.s3.ap-northeast-2.amazonaws.com/userdefault.png'),
(47,'user47','2024-02-28 13:48:28.177494','$2a$10$FJ3095fmIqRMNPSd4OpouOWPmncVZUkyoulNg1/K5jhVFiJ/Znkfa' , '송47','사용자47','910309','mino030@naver.com','01000000000',1,'10','https://eatablebucket.s3.ap-northeast-2.amazonaws.com/userdefault.png'),
(48,'user48','2024-02-28 13:48:28.177494','$2a$10$FJ3095fmIqRMNPSd4OpouOWPmncVZUkyoulNg1/K5jhVFiJ/Znkfa' , '송48','사용자48','910309','mino030@naver.com','01000000000',1,'10','https://eatablebucket.s3.ap-northeast-2.amazonaws.com/userdefault.png'),
(49,'user49','2024-02-28 13:48:28.177494','$2a$10$FJ3095fmIqRMNPSd4OpouOWPmncVZUkyoulNg1/K5jhVFiJ/Znkfa' , '송49','사용자49','910309','mino030@naver.com','01000000000',1,'10','https://eatablebucket.s3.ap-northeast-2.amazonaws.com/userdefault.png'),
(50,'user50','2024-02-29 13:48:28.177494','$2a$10$FJ3095fmIqRMNPSd4OpouOWPmncVZUkyoulNg1/K5jhVFiJ/Znkfa' , '송50','사용자50','910309','mino030@naver.com','01000000000',1,'10','https://eatablebucket.s3.ap-northeast-2.amazonaws.com/userdefault.png'),
(51,'user51','2024-02-29 13:48:28.177494','$2a$10$FJ3095fmIqRMNPSd4OpouOWPmncVZUkyoulNg1/K5jhVFiJ/Znkfa' , '송51','사용자51','910309','mino030@naver.com','01000000000',1,'10','https://eatablebucket.s3.ap-northeast-2.amazonaws.com/userdefault.png'),
(52,'user52','2024-02-29 13:48:28.177494','$2a$10$FJ3095fmIqRMNPSd4OpouOWPmncVZUkyoulNg1/K5jhVFiJ/Znkfa' , '송52','사용자52','910309','mino030@naver.com','01000000000',1,'10','https://eatablebucket.s3.ap-northeast-2.amazonaws.com/userdefault.png'),
(53,'user53','2024-02-29 13:48:28.177494','$2a$10$FJ3095fmIqRMNPSd4OpouOWPmncVZUkyoulNg1/K5jhVFiJ/Znkfa' , '송53','사용자53','910309','mino030@naver.com','01000000000',1,'10','https://eatablebucket.s3.ap-northeast-2.amazonaws.com/userdefault.png'),
(54,'user54','2024-02-29 13:48:28.177494','$2a$10$FJ3095fmIqRMNPSd4OpouOWPmncVZUkyoulNg1/K5jhVFiJ/Znkfa' , '송54','사용자54','910309','mino030@naver.com','01000000000',1,'10','https://eatablebucket.s3.ap-northeast-2.amazonaws.com/userdefault.png'),
(55,'user55','2024-02-29 13:48:28.177494','$2a$10$FJ3095fmIqRMNPSd4OpouOWPmncVZUkyoulNg1/K5jhVFiJ/Znkfa' , '송55','사용자55','910309','mino030@naver.com','01000000000',1,'10','https://eatablebucket.s3.ap-northeast-2.amazonaws.com/userdefault.png'),
(56,'user56','2024-02-29 13:48:28.177494','$2a$10$FJ3095fmIqRMNPSd4OpouOWPmncVZUkyoulNg1/K5jhVFiJ/Znkfa' , '송56','사용자56','910309','mino030@naver.com','01000000000',1,'10','https://eatablebucket.s3.ap-northeast-2.amazonaws.com/userdefault.png'),
(57,'user57','2024-02-29 13:48:28.177494','$2a$10$FJ3095fmIqRMNPSd4OpouOWPmncVZUkyoulNg1/K5jhVFiJ/Znkfa' , '송57','사용자57','910309','mino030@naver.com','01000000000',1,'10','https://eatablebucket.s3.ap-northeast-2.amazonaws.com/userdefault.png'),
(58,'user58','2024-02-29 13:48:28.177494','$2a$10$FJ3095fmIqRMNPSd4OpouOWPmncVZUkyoulNg1/K5jhVFiJ/Znkfa' , '송58','사용자58','910309','mino030@naver.com','01000000000',1,'10','https://eatablebucket.s3.ap-northeast-2.amazonaws.com/userdefault.png'),
(59,'user59','2024-02-29 13:48:28.177494','$2a$10$FJ3095fmIqRMNPSd4OpouOWPmncVZUkyoulNg1/K5jhVFiJ/Znkfa' , '송59','사용자59','910309','mino030@naver.com','01000000000',1,'10','https://eatablebucket.s3.ap-northeast-2.amazonaws.com/userdefault.png'),
(60,'user60','2024-02-29 13:48:28.177494','$2a$10$FJ3095fmIqRMNPSd4OpouOWPmncVZUkyoulNg1/K5jhVFiJ/Znkfa' , '송60','사용자60','910309','mino030@naver.com','01000000000',1,'10','https://eatablebucket.s3.ap-northeast-2.amazonaws.com/userdefault.png'),
(61,'user61','2024-02-29 13:48:28.177494','$2a$10$FJ3095fmIqRMNPSd4OpouOWPmncVZUkyoulNg1/K5jhVFiJ/Znkfa' , '송61','사용자61','910309','mino030@naver.com','01000000000',1,'10','https://eatablebucket.s3.ap-northeast-2.amazonaws.com/userdefault.png'),
(62,'user62','2024-02-29 13:48:28.177494','$2a$10$FJ3095fmIqRMNPSd4OpouOWPmncVZUkyoulNg1/K5jhVFiJ/Znkfa' , '송62','사용자62','910309','mino030@naver.com','01000000000',1,'10','https://eatablebucket.s3.ap-northeast-2.amazonaws.com/userdefault.png'),
(63,'user63','2024-02-29 13:48:28.177494','$2a$10$FJ3095fmIqRMNPSd4OpouOWPmncVZUkyoulNg1/K5jhVFiJ/Znkfa' , '송63','사용자63','910309','mino030@naver.com','01000000000',1,'10','https://eatablebucket.s3.ap-northeast-2.amazonaws.com/userdefault.png'),
(64,'user64','2024-02-29 13:48:28.177494','$2a$10$FJ3095fmIqRMNPSd4OpouOWPmncVZUkyoulNg1/K5jhVFiJ/Znkfa' , '송64','사용자64','910309','mino030@naver.com','01000000000',1,'10','https://eatablebucket.s3.ap-northeast-2.amazonaws.com/userdefault.png'),
(65,'user65','2024-02-29 13:48:28.177494','$2a$10$FJ3095fmIqRMNPSd4OpouOWPmncVZUkyoulNg1/K5jhVFiJ/Znkfa' , '송65','사용자65','910309','mino030@naver.com','01000000000',1,'10','https://eatablebucket.s3.ap-northeast-2.amazonaws.com/userdefault.png'),
(66,'user66','2024-02-29 13:48:28.177494','$2a$10$FJ3095fmIqRMNPSd4OpouOWPmncVZUkyoulNg1/K5jhVFiJ/Znkfa' , '송66','사용자66','910309','mino030@naver.com','01000000000',1,'10','https://eatablebucket.s3.ap-northeast-2.amazonaws.com/userdefault.png'),
(67,'user67','2024-02-29 13:48:28.177494','$2a$10$FJ3095fmIqRMNPSd4OpouOWPmncVZUkyoulNg1/K5jhVFiJ/Znkfa' , '송67','사용자67','910309','mino030@naver.com','01000000000',1,'10','https://eatablebucket.s3.ap-northeast-2.amazonaws.com/userdefault.png'),
(68,'user68','2024-02-29 13:48:28.177494','$2a$10$FJ3095fmIqRMNPSd4OpouOWPmncVZUkyoulNg1/K5jhVFiJ/Znkfa' , '송68','사용자68','910309','mino030@naver.com','01000000000',1,'10','https://eatablebucket.s3.ap-northeast-2.amazonaws.com/userdefault.png'),
(69,'user69','2024-02-29 13:48:28.177494','$2a$10$FJ3095fmIqRMNPSd4OpouOWPmncVZUkyoulNg1/K5jhVFiJ/Znkfa' , '송69','사용자69','910309','mino030@naver.com','01000000000',1,'10','https://eatablebucket.s3.ap-northeast-2.amazonaws.com/userdefault.png'),
(70,'user70','2024-02-29 13:48:28.177494','$2a$10$FJ3095fmIqRMNPSd4OpouOWPmncVZUkyoulNg1/K5jhVFiJ/Znkfa' , '송70','사용자70','910309','mino030@naver.com','01000000000',1,'10','https://eatablebucket.s3.ap-northeast-2.amazonaws.com/userdefault.png'),
(71,'user71','2024-02-29 13:48:28.177494','$2a$10$FJ3095fmIqRMNPSd4OpouOWPmncVZUkyoulNg1/K5jhVFiJ/Znkfa' , '송71','사용자71','910309','mino030@naver.com','01000000000',1,'10','https://eatablebucket.s3.ap-northeast-2.amazonaws.com/userdefault.png'),
(72,'user72','2024-02-29 13:48:28.177494','$2a$10$FJ3095fmIqRMNPSd4OpouOWPmncVZUkyoulNg1/K5jhVFiJ/Znkfa' , '송72','사용자72','910309','mino030@naver.com','01000000000',1,'10','https://eatablebucket.s3.ap-northeast-2.amazonaws.com/userdefault.png'),
(73,'user73','2024-03-01 13:48:28.177494','$2a$10$FJ3095fmIqRMNPSd4OpouOWPmncVZUkyoulNg1/K5jhVFiJ/Znkfa' , '송73','사용자73','910309','mino030@naver.com','01000000000',1,'10','https://eatablebucket.s3.ap-northeast-2.amazonaws.com/userdefault.png'),
(74,'user74','2024-03-01 13:48:28.177494','$2a$10$FJ3095fmIqRMNPSd4OpouOWPmncVZUkyoulNg1/K5jhVFiJ/Znkfa' , '송74','사용자74','910309','mino030@naver.com','01000000000',1,'10','https://eatablebucket.s3.ap-northeast-2.amazonaws.com/userdefault.png'),
(75,'user75','2024-03-01 13:48:28.177494','$2a$10$FJ3095fmIqRMNPSd4OpouOWPmncVZUkyoulNg1/K5jhVFiJ/Znkfa' , '송75','사용자75','910309','mino030@naver.com','01000000000',1,'10','https://eatablebucket.s3.ap-northeast-2.amazonaws.com/userdefault.png'),
(76,'user76','2024-03-01 13:48:28.177494','$2a$10$FJ3095fmIqRMNPSd4OpouOWPmncVZUkyoulNg1/K5jhVFiJ/Znkfa' , '송76','사용자76','910309','mino030@naver.com','01000000000',1,'10','https://eatablebucket.s3.ap-northeast-2.amazonaws.com/userdefault.png'),
(77,'user77','2024-03-01 13:48:28.177494','$2a$10$FJ3095fmIqRMNPSd4OpouOWPmncVZUkyoulNg1/K5jhVFiJ/Znkfa' , '송77','사용자77','910309','mino030@naver.com','01000000000',1,'10','https://eatablebucket.s3.ap-northeast-2.amazonaws.com/userdefault.png'),
(78,'user78','2024-03-01 13:48:28.177494','$2a$10$FJ3095fmIqRMNPSd4OpouOWPmncVZUkyoulNg1/K5jhVFiJ/Znkfa' , '송78','사용자78','910309','mino030@naver.com','01000000000',1,'10','https://eatablebucket.s3.ap-northeast-2.amazonaws.com/userdefault.png'),
(79,'user79','2024-03-01 13:48:28.177494','$2a$10$FJ3095fmIqRMNPSd4OpouOWPmncVZUkyoulNg1/K5jhVFiJ/Znkfa' , '송79','사용자79','910309','mino030@naver.com','01000000000',1,'10','https://eatablebucket.s3.ap-northeast-2.amazonaws.com/userdefault.png'),
(80,'user80','2024-03-01 13:48:28.177494','$2a$10$FJ3095fmIqRMNPSd4OpouOWPmncVZUkyoulNg1/K5jhVFiJ/Znkfa' , '송80','사용자80','910309','mino030@naver.com','01000000000',1,'10','https://eatablebucket.s3.ap-northeast-2.amazonaws.com/userdefault.png'),
(81,'user81','2024-03-01 13:48:28.177494','$2a$10$FJ3095fmIqRMNPSd4OpouOWPmncVZUkyoulNg1/K5jhVFiJ/Znkfa' , '송81','사용자81','910309','mino030@naver.com','01000000000',1,'10','https://eatablebucket.s3.ap-northeast-2.amazonaws.com/userdefault.png'),
(82,'user82','2024-03-01 13:48:28.177494','$2a$10$FJ3095fmIqRMNPSd4OpouOWPmncVZUkyoulNg1/K5jhVFiJ/Znkfa' , '송82','사용자82','910309','mino030@naver.com','01000000000',1,'10','https://eatablebucket.s3.ap-northeast-2.amazonaws.com/userdefault.png'),
(83,'user83','2024-03-01 13:48:28.177494','$2a$10$FJ3095fmIqRMNPSd4OpouOWPmncVZUkyoulNg1/K5jhVFiJ/Znkfa' , '송83','사용자83','910309','mino030@naver.com','01000000000',1,'10','https://eatablebucket.s3.ap-northeast-2.amazonaws.com/userdefault.png'),
(84,'user84','2024-03-01 13:48:28.177494','$2a$10$FJ3095fmIqRMNPSd4OpouOWPmncVZUkyoulNg1/K5jhVFiJ/Znkfa' , '송84','사용자84','910309','mino030@naver.com','01000000000',1,'10','https://eatablebucket.s3.ap-northeast-2.amazonaws.com/userdefault.png'),
(85,'user85','2024-03-01 13:48:28.177494','$2a$10$FJ3095fmIqRMNPSd4OpouOWPmncVZUkyoulNg1/K5jhVFiJ/Znkfa' , '송85','사용자85','910309','mino030@naver.com','01000000000',1,'10','https://eatablebucket.s3.ap-northeast-2.amazonaws.com/userdefault.png'),
(86,'user86','2024-03-01 13:48:28.177494','$2a$10$FJ3095fmIqRMNPSd4OpouOWPmncVZUkyoulNg1/K5jhVFiJ/Znkfa' , '송86','사용자86','910309','mino030@naver.com','01000000000',1,'10','https://eatablebucket.s3.ap-northeast-2.amazonaws.com/userdefault.png'),
(87,'user87','2024-03-01 13:48:28.177494','$2a$10$FJ3095fmIqRMNPSd4OpouOWPmncVZUkyoulNg1/K5jhVFiJ/Znkfa' , '송87','사용자87','910309','mino030@naver.com','01000000000',1,'10','https://eatablebucket.s3.ap-northeast-2.amazonaws.com/userdefault.png'),
(88,'user88','2024-03-01 13:48:28.177494','$2a$10$FJ3095fmIqRMNPSd4OpouOWPmncVZUkyoulNg1/K5jhVFiJ/Znkfa' , '송88','사용자88','910309','mino030@naver.com','01000000000',1,'10','https://eatablebucket.s3.ap-northeast-2.amazonaws.com/userdefault.png'),
(89,'user89','2024-03-01 13:48:28.177494','$2a$10$FJ3095fmIqRMNPSd4OpouOWPmncVZUkyoulNg1/K5jhVFiJ/Znkfa' , '송89','사용자89','910309','mino030@naver.com','01000000000',1,'10','https://eatablebucket.s3.ap-northeast-2.amazonaws.com/userdefault.png'),
(90,'user90','2024-03-01 13:48:28.177494','$2a$10$FJ3095fmIqRMNPSd4OpouOWPmncVZUkyoulNg1/K5jhVFiJ/Znkfa' , '송90','사용자90','910309','mino030@naver.com','01000000000',1,'10','https://eatablebucket.s3.ap-northeast-2.amazonaws.com/userdefault.png'),
(91,'user91','2024-03-01 13:48:28.177494','$2a$10$FJ3095fmIqRMNPSd4OpouOWPmncVZUkyoulNg1/K5jhVFiJ/Znkfa' , '송91','사용자91','910309','mino030@naver.com','01000000000',1,'10','https://eatablebucket.s3.ap-northeast-2.amazonaws.com/userdefault.png'),
(92,'user92','2024-03-01 13:48:28.177494','$2a$10$FJ3095fmIqRMNPSd4OpouOWPmncVZUkyoulNg1/K5jhVFiJ/Znkfa' , '송92','사용자92','910309','mino030@naver.com','01000000000',1,'10','https://eatablebucket.s3.ap-northeast-2.amazonaws.com/userdefault.png'),
(93,'user93','2024-03-01 13:48:28.177494','$2a$10$FJ3095fmIqRMNPSd4OpouOWPmncVZUkyoulNg1/K5jhVFiJ/Znkfa' , '송93','사용자93','910309','mino030@naver.com','01000000000',1,'10','https://eatablebucket.s3.ap-northeast-2.amazonaws.com/userdefault.png'),
(94,'user94','2024-03-01 13:48:28.177494','$2a$10$FJ3095fmIqRMNPSd4OpouOWPmncVZUkyoulNg1/K5jhVFiJ/Znkfa' , '송94','사용자94','910309','mino030@naver.com','01000000000',1,'10','https://eatablebucket.s3.ap-northeast-2.amazonaws.com/userdefault.png'),
(95,'user95','2024-03-01 13:48:28.177494','$2a$10$FJ3095fmIqRMNPSd4OpouOWPmncVZUkyoulNg1/K5jhVFiJ/Znkfa' , '송95','사용자95','910309','mino030@naver.com','01000000000',1,'10','https://eatablebucket.s3.ap-northeast-2.amazonaws.com/userdefault.png'),
(96,'user96','2024-03-01 13:48:28.177494','$2a$10$FJ3095fmIqRMNPSd4OpouOWPmncVZUkyoulNg1/K5jhVFiJ/Znkfa' , '송96','사용자96','910309','mino030@naver.com','01000000000',1,'10','https://eatablebucket.s3.ap-northeast-2.amazonaws.com/userdefault.png'),
(97,'user97','2024-03-01 13:48:28.177494','$2a$10$FJ3095fmIqRMNPSd4OpouOWPmncVZUkyoulNg1/K5jhVFiJ/Znkfa' , '송97','사용자97','910309','mino030@naver.com','01000000000',1,'10','https://eatablebucket.s3.ap-northeast-2.amazonaws.com/userdefault.png'),
(98,'user98','2024-03-01 13:48:28.177494','$2a$10$FJ3095fmIqRMNPSd4OpouOWPmncVZUkyoulNg1/K5jhVFiJ/Znkfa' , '송98','사용자98','910309','mino030@naver.com','01000000000',1,'10','https://eatablebucket.s3.ap-northeast-2.amazonaws.com/userdefault.png'),
(99,'user99','2024-03-01 13:48:28.177494','$2a$10$FJ3095fmIqRMNPSd4OpouOWPmncVZUkyoulNg1/K5jhVFiJ/Znkfa' , '송99','사용자99','910309','mino030@naver.com','01000000000',1,'10','https://eatablebucket.s3.ap-northeast-2.amazonaws.com/userdefault.png'),
(100,'user100','2024-03-01 13:48:28.177494','$2a$10$FJ3095fmIqRMNPSd4OpouOWPmncVZUkyoulNg1/K5jhVFiJ/Znkfa' , '송100','사용자100','910309','mino030@naver.com','01000000000',1,'10','https://eatablebucket.s3.ap-northeast-2.amazonaws.com/userdefault.png'),
(101,'admin','2024-02-23 13:48:28.177494','$2a$10$FJ3095fmIqRMNPSd4OpouOWPmncVZUkyoulNg1/K5jhVFiJ/Znkfa' , '관리자','관리자','910309','mino030@naver.com','01000000000',1,'10','https://eatablebucket.s3.ap-northeast-2.amazonaws.com/userdefault.png');






# ------- 권한 ------------------------------------------
insert into userrole (id, roleId, userId) VALUES
        (1, 1, 1),
        (2, 1, 2),
        (3, 1, 3),
        (4, 1, 4),
        (5, 1, 5),
        (6, 1, 6),
        (7, 1, 7),
        (8, 1, 8),
        (9, 1, 9),
        (10, 1, 10),
        (11, 1, 11),
        (12, 1, 12),
        (13, 1, 13),
        (14, 1, 14),
        (15, 1, 15),
        (16, 1, 16),
        (17, 1, 17),
        (18, 1, 18),
        (19, 1, 19),
        (20, 1, 20),
        (21, 1, 21),
        (22, 1, 22),
        (23, 1, 23),
        (24, 1, 24),
        (25, 1, 25),
        (26, 1, 26),
        (27, 1, 27),
        (28, 1, 28),
        (29, 1, 29),
        (30, 1, 30),
        (31, 1, 31),
        (32, 1, 32),
        (33, 1, 33),
        (34, 1, 34),
        (35, 1, 35),
        (36, 1, 36),
        (37, 1, 37),
        (38, 1, 38),
        (39, 1, 39),
        (40, 1, 40),
        (41, 1, 41),
        (42, 1, 42),
        (43, 1, 43),
        (44, 1, 44),
        (45, 1, 45),
        (46, 1, 46),
        (47, 1, 47),
        (48, 1, 48),
        (49, 1, 49),
        (50, 1, 50),
        (51, 1, 51),
        (52, 1, 52),
        (53, 1, 53),
        (54, 1, 54),
        (55, 1, 55),
        (56, 1, 56),
        (57, 1, 57),
        (58, 1, 58),
        (59, 1, 59),
        (60, 1, 60),
        (61, 1, 61),
        (62, 1, 62),
        (63, 1, 63),
        (64, 1, 64),
        (65, 1, 65),
        (66, 1, 66),
        (67, 1, 67),
        (68, 1, 68),
        (69, 1, 69),
        (70, 1, 70),
        (71, 1, 71),
        (72, 1, 72),
        (73, 1, 73),
        (74, 1, 74),
        (75, 1, 75),
        (76, 1, 76),
        (77, 1, 77),
        (78, 1, 78),
        (79, 1, 79),
        (80, 1, 80),
        (81, 1, 81),
        (82, 1, 82),
        (83, 1, 83),
        (84, 1, 84),
        (85, 1, 85),
        (86, 1, 86),
        (87, 1, 87),
        (88, 1, 88),
        (89, 1, 89),
        (91, 1, 91),
        (92, 1, 92),
        (93, 1, 93),
        (94, 1, 94),
        (95, 1, 95),
        (96, 1, 96),
        (97, 1, 97),
        (98, 1, 98),
        (99, 1, 99),
        (100, 1, 100),
        (101, 1, 101),
        (101, 3, 101),
        (1, 2, 1),
        (2, 2, 2),
        (3, 2, 3),
        (4, 2, 4),
        (5, 2, 5),
        (6, 2, 6),
        (7, 2, 7),
        (8, 2, 8),
        (9, 2, 9),
        (10, 2, 10),
        (11, 2, 11),
        (12, 2, 12),
        (13, 2, 13),
        (14, 2, 14),
        (15, 2, 15),
        (16, 2, 16),
        (17, 2, 17),
        (18, 2, 18),
        (19, 2, 19),
        (20, 2, 20),
        (21, 2, 21),
        (22, 2, 22),
        (23, 2, 23),
        (24, 2, 24),
        (25, 2, 25),
        (26, 2, 26),
        (27, 2, 27),
        (28, 2, 28),
        (29, 2, 29),
        (30, 2, 30),
        (31, 2, 31),
        (32, 2, 32),
        (33, 2, 33),
        (34, 2, 34),
        (35, 2, 35),
        (36, 2, 36),
        (37, 2, 37),
        (38, 2, 38),
        (39, 2, 39),
        (40, 2, 40),
        (41, 2, 41),
        (42, 2, 42),
        (43, 2, 43),
        (44, 2, 44),
        (45, 2, 45),
        (46, 2, 46),
        (47, 2, 47),
        (48, 2, 48),
        (49, 2, 49),
        (50, 2, 50),
        (51, 2, 51),
        (52, 2, 52),
        (53, 2, 53),
        (54, 2, 54),
        (55, 2, 55),
        (56, 2, 56),
        (57, 2, 57),
        (58, 2, 58),
        (59, 2, 59),
        (60, 2, 60),
        (61, 2, 61),
        (62, 2, 62),
        (63, 2, 63),
        (64, 2, 64),
        (65, 2, 65),
        (66, 2, 66),
        (67, 2, 67),
        (68, 2, 68),
        (69, 2, 69),
        (70, 2, 70),
        (71, 2, 71),
        (72, 2, 72),
        (73, 2, 73),
        (74, 2, 74),
        (75, 2, 75),
        (76, 2, 76),
        (77, 2, 77),
        (78, 2, 78),
        (79, 2, 79),
        (80, 2, 80),
        (81, 2, 81),
        (82, 2, 82),
        (83, 2, 83),
        (84, 2, 84),
        (85, 2, 85),
        (86, 2, 86),
        (87, 2, 87),
        (88, 2, 88),
        (89, 2, 89),
        (91, 2, 91),
        (92, 2, 92),
        (93, 2, 93),
        (94, 2, 94),
        (95, 2, 95),
        (96, 2, 96),
        (97, 2, 97),
        (98, 2, 98),
        (99, 2, 99),
        (100,2, 100);




#----------------------- 승빈 ----------------------------------------------
insert into partnerreq(id,managerName,storeName,phone,partnerReqState,createdAt,userId) values
(6,'이름6','가게6','010-1111-1111','OPEN_READY','2024-02-13 13:48:28.177494',1),
(7,'이름7','가게7','010-1111-2222','OPEN_READY','2024-02-13 13:48:28.177494',2),
(8,'이름8','가게8','010-1111-3333','OPEN_READY','2024-02-13 13:48:28.177494',3),
(9,'이름9','가게9','010-1111-4444','OPEN_READY','2024-02-13 13:48:28.177494',4),
(10,'이름10','가게10','010-1111-5555','OPEN_READY','2024-02-13 13:48:28.177494',5),
(11,'이름11','가게11','010-1111-6666','OPEN_READY','2024-02-13 13:48:28.177494',6),
(12,'이름12','가게12','010-1111-7777','OPEN_READY','2024-02-13 13:48:28.177494',7),
(13,'이름13','가게13','010-1111-8888','OPEN_READY','2024-02-13 13:48:28.177494',8),
(14,'이름14','가게14','010-1111-9999','OPEN_READY','2024-02-13 13:48:28.177494',9),
(15,'이름15','가게15','010-1111-1010','OPEN_READY','2024-02-13 13:48:28.177494',10),
(16,'이름16','가게16','010-1111-1212','CLOSE_READY','2024-02-13 13:48:28.177494',11),
(17,'이름17','가게17','010-1111-1313','CLOSE_READY','2024-02-13 13:48:28.177494',12),
(18,'이름18','가게18','010-1111-1414','CLOSE_READY','2024-02-13 13:48:28.177494',13),
(19,'이름19','가게19','010-1111-1515','CLOSE_READY','2024-02-13 13:48:28.177494',14),
(20,'이름20','가게20','010-1111-1616','CLOSE_READY','2024-02-13 13:48:28.177494',15),
(21,'이름21','가게21','010-1111-1717','CLOSE_READY','2024-02-13 13:48:28.177494',16),
(22,'이름22','가게22','010-1111-1818','CLOSE_READY','2024-02-13 13:48:28.177494',17),
(23,'이름23','가게23','010-1111-1919','CLOSE_READY','2024-02-13 13:48:28.177494',18),
(24,'이름24','가게24','010-1111-2020','CLOSE_READY','2024-02-13 13:48:28.177494',19),
(25,'이름25','가게25','010-1111-2121','CLOSE_READY','2024-02-13 13:48:28.177494',20);




#--------업체--------------------------------------------

insert into partner (createdAt, updatedAt, area, lat, lng, zipCode, corkCharge, dog, favorite, openTime, parking, partnerName, partnerPhone, partnerState, reserveInfo, storeInfo, storeName, storePhone, tableCnt, viewCnt, userId) VALUES
('2024-02-26 13:48:28.177494','2024-02-12 13:48:28.177494','서울특별시 강남역사거리','37.4979052','127.0275777','12312',TRUE,TRUE,'한식,퓨전,돈까스','평일 11:30 ~ 21:00 브레이크타임 15:00 ~ 17:00 라스트오더 20:30(재료소진 시 조기마감)',TRUE,'송송','11111111111','TRUE','웨이팅시 연락안되면 취소될수있습니다.','육즙이 살아있는 두툼한 일본식 돈카츠','크레이지카츠','11111111','20','102',1),
('2024-02-26 13:48:28.177494','2024-02-12 13:48:28.177494','서울특별시 서초역사거리','37.4917945','127.0076354','12312',TRUE,TRUE,'한식','24시',TRUE,'송송','11111111111','TRUE','웨이팅시 연락안되면 취소될수있습니다.''','가게정보1','서초김밥','11111111','20','10',2),
('2024-02-26 13:48:28.177494','2024-02-12 13:48:28.177494','서울특별시 서초구 방배동','37.4794939','126.9931207','12312',TRUE,TRUE,'한식','24시',TRUE,'송송','11111111111','TRUE','웨이팅시 연락안되면 취소될수있습니다.''','가게정보2','방배김밥','11111111','20','12',3),
('2024-02-26 13:48:28.177494','2024-02-13 13:48:28.177494','서울특별시 강남구 역삼동','37.5000776','127.0385419','12312',TRUE,TRUE,'한식','24시',TRUE,'송송','11111111111','TRUE','웨이팅시 연락안되면 취소될수있습니다.''','가게정보3','역삼김밥','11111111','20','20',4),
('2024-02-26 13:48:28.177494','2024-02-13 13:48:28.177494','서울특별시 사당사거리','37.4765181','126.9816384','12312',TRUE,TRUE,'한식','24시',TRUE,'송송','11111111111','TRUE','웨이팅시 연락안되면 취소될수있습니다.''','가게정보4','사당김밥','11111111','20','50',5),
('2024-02-26 13:48:28.177494','2024-02-14 13:48:28.177494','서울특별시 신도림사거리','37.510179','126.8903686','12312',TRUE,TRUE,'한식','24시',TRUE,'송송','11111111111','TRUE','웨이팅시 연락안되면 취소될수있습니다.''','가게정보5','신도림김밥','11111111','20','1000',6),
('2024-02-26 13:48:28.177494','2024-02-14 13:48:28.177494','서울특별시 신림사거리','37.4631968','126.9358124','12312',TRUE,TRUE,'한식','24시',TRUE,'송송','11111111111','TRUE','웨이팅시 연락안되면 취소될수있습니다.''','가게정보6','신림김밥','11111111','20','2000',7),
('2024-02-26 13:48:28.177494','2024-02-15 13:48:28.177494','서울특별시 봉천사거리','37.4779671','126.9534883','12312',TRUE,TRUE,'치킨','24시',TRUE,'송송','11111111111','TRUE','웨이팅시 연락안되면 취소될수있습니다.''','가게정보7','봉천김밥','11111111','20','150',8),
('2024-02-26 13:48:28.177494','2024-02-15 13:48:28.177494','서울특별시 압구정사거리','37.5271478','127.0334517','12312',TRUE,TRUE,'치킨','24시',TRUE,'송송','11111111111','TRUE','웨이팅시 연락안되면 취소될수있습니다.''','가게정보8','압구정김밥','11111111','20','5',9),
('2024-02-26 13:48:28.177494','2024-02-15 13:48:28.177494','서울특별시 종로사거리','37.5949159','126.977339','12312',TRUE,TRUE,'한식','24시',TRUE,'송송','11111111111','TRUE','웨이팅시 연락안되면 취소될수있습니다.''','가게정보9','종로김밥','11111111','20','9',10),
('2024-02-26 13:48:28.177494','2024-02-15 13:48:28.177494','서울특별시 용산사거리','37.5313805','126.9798839','12312',TRUE,TRUE,'한식','24시',TRUE,'송송','11111111111','TRUE','웨이팅시 연락안되면 취소될수있습니다.''','가게정보10','용산김밥','11111111','20','10',11),
('2024-02-26 13:48:28.177494','2024-02-15 13:48:28.177494','서울특별시 동서울사거리','37.534385','127.094045','12312',TRUE,TRUE,'한식','24시',TRUE,'송송','11111111111','TRUE','웨이팅시 연락안되면 취소될수있습니다.''','가게정보11','동서울김밥','11111111','20','30',12),
('2024-02-26 13:48:28.177494','2024-02-16 13:48:28.177494','서울특별시 잠실사거리','37.5067945','127.0830482','12312',TRUE,TRUE,'한식','24시',TRUE,'송송','11111111111','TRUE','웨이팅시 연락안되면 취소될수있습니다.''','가게정보12','잠실김밥','11111111','20','12',13),
('2024-02-26 13:48:28.177494','2024-02-17 13:48:28.177494','서울특별시 건대사거리','37.5399286','127.0706001','12312',TRUE,TRUE,'한식','24시',TRUE,'송송','11111111111','TRUE','웨이팅시 연락안되면 취소될수있습니다.''','가게정보13','건대김밥','11111111','20','40',14),
('2024-02-26 13:48:28.177494','2024-02-17 13:48:28.177494','서울특별시 홍대사거리','37.5551463','126.9215309','12312',TRUE,TRUE,'한식','24시',TRUE,'송송','11111111111','TRUE','웨이팅시 연락안되면 취소될수있습니다.''','가게정보14','홍대김밥','11111111','20','70',15),
('2024-02-27 13:48:28.177494','2024-02-17 13:48:28.177494','서울특별시 성북사거리','37.6056991','127.0175664','12312',TRUE,TRUE,'한식','24시',TRUE,'송송','11111111111','TRUE','웨이팅시 연락안되면 취소될수있습니다.''','가게정보15','성북김밥','11111111','20','40',16),
('2024-02-27 13:48:28.177494','2024-02-17 13:48:28.177494','서울특별시 불광사거리','37.6191594','126.9355669','12312',TRUE,TRUE,'한식','24시',TRUE,'송송','11111111111','TRUE','웨이팅시 연락안되면 취소될수있습니다.''','가게정보16','불광김밥','11111111','20','35',17),
('2024-02-27 13:48:28.177494','2024-02-18 13:48:28.177494','서울특별시 독립문사거리','37.5718671','126.9566937','12312',TRUE,TRUE,'한식','24시',TRUE,'송송','11111111111','TRUE','웨이팅시 연락안되면 취소될수있습니다.''','가게정보17','독립문김밥','11111111','20','50',18),
('2024-02-27 13:48:28.177494','2024-02-18 13:48:28.177494','서울특별시 연신내사거리','37.6188607','126.9213347','12312',TRUE,TRUE,'한식','24시',TRUE,'송송','11111111111','TRUE','웨이팅시 연락안되면 취소될수있습니다.''','가게정보18','연신내김밥','11111111','20','70',19),
('2024-02-27 13:48:28.177494','2024-02-18 13:48:28.177494','서울특별시 목동사거리','37.5360367','126.8745334','12312',TRUE,TRUE,'한식','24시',TRUE,'송송','11111111111','TRUE','웨이팅시 연락안되면 취소될수있습니다.''','가게정보19','목동김밥','11111111','20','65',20),
('2024-02-27 13:48:28.177494','2024-02-18 13:48:28.177494','서울특별시 마포구','37.55065','126.9201','12312',TRUE,TRUE,'버거','24시',TRUE,'송송','11111111111','TRUE','웨이팅시 연락안되면 취소될수있습니다.''','가게정보20','목동김밥','11111111','20','65',21),
('2024-02-27 13:48:28.177494','2024-02-18 13:48:28.177494','서울특별시 용산구 ','37.53516','127.0009','12312',TRUE,TRUE,'버거','24시',TRUE,'송송','11111111111','TRUE','웨이팅시 연락안되면 취소될수있습니다.''','가게정보21','더페이머스버거','11111111','20','68',22),
('2024-02-27 13:48:28.177494','2024-02-18 13:48:28.177494','서울특별시 영등포구','37.5360367','126.9287','12312',TRUE,TRUE,'버거','24시',TRUE,'송송','11111111111','TRUE','웨이팅시 연락안되면 취소될수있습니다.''','가게정보22','다운타우너 한남점','11111111','20','70',23),
('2024-02-27 13:48:28.177494','2024-02-18 13:48:28.177494','서울특별시 중구','37.55930','126.9749','12312',TRUE,TRUE,'버거','24시',TRUE,'송송','11111111111','TRUE','웨이팅시 연락안되면 취소될수있습니다.''','가게정보23','폴트버거 더현대서울','11111111','20','16',24),
('2024-02-27 13:48:28.177494','2024-02-18 13:48:28.177494','서울특별시 서초구','37.48829','127.0103','12312',TRUE,TRUE,'버거','24시',TRUE,'송송','11111111111','TRUE','웨이팅시 연락안되면 취소될수있습니다.''','가게정보24','버거운녀석들 남대문점','11111111','20','26',25),
('2024-02-28 13:48:28.177494','2024-02-18 13:48:28.177494','서울특별시 용산구','37.54406','126.9874','12312',TRUE,TRUE,'버거','24시',TRUE,'송송','11111111111','TRUE','웨이팅시 연락안되면 취소될수있습니다.''','가게정보25','노스트레스버거','11111111','20','26',26),
('2024-02-28 13:48:28.177494','2024-02-18 13:48:28.177494','서울특별시 종로구','37.57578','126.9705','12312',TRUE,TRUE,'버거','24시',TRUE,'송송','11111111111','TRUE','웨이팅시 연락안되면 취소될수있습니다.''','가게정보26','버거드조선','11111111','20','29',27),
('2024-02-28 13:48:28.177494','2024-02-18 13:48:28.177494','서울특별시 강남구','37.52436','127.0396','12312',TRUE,TRUE,'버거','24시',TRUE,'송송','11111111111','TRUE','웨이팅시 연락안되면 취소될수있습니다.''','가게정보27','다운타우너 청담점','11111111','20','56',28),
('2024-02-28 13:48:28.177494','2024-02-18 13:48:28.177494','서울특별시 서초구','37.49648','127.0003','12312',TRUE,TRUE,'버거','24시',TRUE,'송송','11111111111','TRUE','웨이팅시 연락안되면 취소될수있습니다.''','가게정보28','브루클린더버거조인트 서래본점','11111111','20','44',29),
('2024-02-29 13:48:28.177494','2024-02-18 13:48:28.177494','서울특별시 종로구','37.57772','126.9867','12312',TRUE,TRUE,'버거','24시',TRUE,'송송','11111111111','TRUE','웨이팅시 연락안되면 취소될수있습니다.''','가게정보29','다운타우너 안국점','11111111','20','45',30);





#--------파트너 어테치먼트-----------------------------


insert into partnerattachment (filename, imageUrl, isImage, partnerId) VALUES
    ('사진1','https://image.toast.com/aaaaaqx/catchtable/shopinfo/sclyxAotIIvHeTsQ7SecaEA/clyxaotiivhetsq7secaea_2352310501583350.jpg',1,1),
    ('사진2','https://image.toast.com/aaaaaqx/catchtable/shopinfo/sclyxAotIIvHeTsQ7SecaEA/clyxaotiivhetsq7secaea_2352310501587636.jpg',1,1),
    ('사진3','https://image.toast.com/aaaaaqx/catchtable/shopinfo/sclyxAotIIvHeTsQ7SecaEA/clyxaotiivhetsq7secaea_2352310501587795.jpg',1,1),
    ('사진4','https://image.toast.com/aaaaaqx/catchtable/shopinfo/s1pE_2hl3vjLdnFYCkRmKcQ/1pe_2hl3vjldnfyckrmkcq_2361410350586042.jpg?detail750',1,2),
    ('사진31','https://image.toast.com/aaaaaqx/catchtable/shopinfo/s14063/14063_2012117051878366.jpg?detail750',1,2),
    ('사진5','https://image.toast.com/aaaaaqx/catchtable/shopinfo/sjdTkAxJi8e1X02OCeQjdOA/jdtkaxji8e1x02oceqjdoa_237512113808579.png?detail750',1,3),
    ('사진6','https://image.toast.com/aaaaaqx/catchtable/shopinfo/sR1B6qa4fT537GjL6KO9bHg/r1b6qa4ft537gjl6ko9bhg_2371016411290157.jpg?detail750',1,4),
    ('사진7','https://ugc-images.catchtable.co.kr/catchtable/shopinfo/sBBiBFMN4TMKGS_wxWHzQ1A/46fc93b0e6d5460aabfbbdfa3b6c262f?detail750',1,5),
    ('사진8','https://ugc-images.catchtable.co.kr/catchtable/shopinfo/spc8XLqQkwoPvQVvHrKby7A/c74b4710891749ba9a0c5f60e184c20d?detail750',1,6),
    ('사진9','https://image.toast.com/aaaaaqx/catchtable/shopinfo/sONn32WCV9edJm7OxF_hcqA/onn32wcv9edjm7oxf_hcqa_2371317362857540.jpg?detail750',1,7),
    ('사진10','https://image.toast.com/aaaaaqx/catchtable/shopinfo/sMw5J2WVI13FMCvZ_siAqmA/mw5j2wvi13fmcvz_siaqma_2372011243524932.jpeg?detail750',1,8),
    ('사진11','https://image.toast.com/aaaaaqx/catchtable/shopinfo/smj1t-yFX4rH6vDS79Te31w/mj1t-yfx4rh6vds79te31w_236210554046226.jpg?detail750',1,9),
    ('사진12','https://image.toast.com/aaaaaqx/catchtable/shopinfo/sTkDM9-Ou_h6pSK4midndzg/tkdm9-ou_h6psk4midndzg_2342510552156345.jpg?detail750',1,10),
    ('사진13','https://image.toast.com/aaaaaqx/catchtable/shopinfo/s5VQV0VsuaF0fxLMB-RQvFQ/5vqv0vsuaf0fxlmb-rqvfq_2342511014291923.jpg?detail750',1,11),
    ('사진14','https://image.toast.com/aaaaaqx/catchtable/shopinfo/si3ed949noo8-IQGq7ZIZpA/i3ed949noo8-iqgq7zizpa_2342511071163551.jpg?detail750',1,12),
    ('사진15','https://image.toast.com/aaaaaqx/catchtable/shopinfo/suAZlG7_IYLQkV1KhMTqQDA/uazlg7_iylqkv1khmtqqda_2381017503172438.jpg?detail750',1,13),
    ('사진16','https://image.toast.com/aaaaaqx/catchtable/shopinfo/sSjFHpIJgypcTxjnH3oh19A/sjfhpijgypctxjnh3oh19a_2372618162731821.jpg?detail750',1,14),
    ('사진17','https://ugc-images.catchtable.co.kr/catchtable/shopinfo/sjcUoAFBvEdAtrHuRG0CHOA/233eef6764a941dfb258ce2b6c288d92?detail750',1,15),
    ('사진18','https://image.toast.com/aaaaaqx/catchtable/shopinfo/sEIoyVfSBqry0ED_oqS6QtQ/eioyvfsbqry0ed_oqs6qtq_2351617495520990.jpeg?detail750',1,16),
    ('사진19','https://image.toast.com/aaaaaqx/catchtable/shopinfo/sGLE9cw-FitTFZEhOEdUT_g/gle9cw-fittfzehoedut_g_2351215074761485.jpeg?detail750',1,17),
    ('사진20','https://image.toast.com/aaaaaqx/catchtable/shopinfo/snUVjSSlp0uXVetuDgQ-eWg/nuvjsslp0uxvetudgq-ewg_2352511164355747.jpg?detail750',1,18),
    ('사진21','https://image.toast.com/aaaaaqx/catchtable/shopinfo/sRpUFfIelZApNTQFn7_EkTQ/rpuffielzapntqfn7_ektq_2361617333044950.jpg?detail750',1,19),
    ('사진22','https://image.toast.com/aaaaaqx/catchtable/shopinfo/sqTUWbsiVKYGXcAsXwLSh1Q/qtuwbsivkygxcasxwlsh1q_236716303859638.jpeg?detail750',1,20),
    ('사진23','https://postfiles.pstatic.net/MjAyMzA3MDdfMTgy/MDAxNjg4NjkwNTA2NTcw.kV3iMKD2AzhVXiENdxYNF-L4VA4xL2gV5ngr5P9-hsAg.DauyCLKKJ2qC5vdzk9yKOC_XKkXy-j-NFiAhRLLxgHAg.JPEG.ugnyj/20230129%EF%BC%BF123258.jpg?type=w773',1,21),
    ('사진24','https://image.toast.com/aaaaaqx/rv/s48LKmshXJbSoONbQjPXBow/221023175742932_rv.jpg?small200',1,22),
    ('사진25','https://ugc-images.catchtable.co.kr/rv/seUCmXllc1DS4W1csRi1Fcg/6f35c66ee8274ca09f8ad0d60226290d',1,23),
    ('사진26','https://ugc-images.catchtable.co.kr/rv/sNFiCk5XJ_OhZakVLcUSeUg/b361048c4301441591c430a213e1c31b',1,24),
    ('사진27','https://ugc-images.catchtable.co.kr/rv/s8xzM7ljsUvPJx75ZXROanQ/4ef5665b7e1c478d8f0deb3c050314ec',1,25),
    ('사진28','https://ugc-images.catchtable.co.kr/rv/swWzeDbMtWdcV-u6IxHNkQg/5093497b72394a85870f1d7d1838737b',1,26),
    ('사진29','https://postfiles.pstatic.net/MjAyMzA0MTBfNzkg/MDAxNjgxMTAxMDAxMTc0.TpP5vtQTwiM2FapFJgGJnh-QlxBJZvIDS_H7jLfMHWcg.EWBtvXm-ACybh2YJG-Hmm_6JPsbJSPXalGbMrAAtU60g.JPEG.sievn/08270hg1_(51).jpg?type=w966',1,27),
    ('사진30','https://ugc-images.catchtable.co.kr/rv/s8xzM7ljsUvPJx75ZXROanQ/074c0b505ca24b53bcad6acf357a5286',1,28),
    ('사진31','https://image.toast.com/aaaaaqx/rv/s10976/_2062214123899918.jpg?small200',1,29),
    ('사진32','https://image.toast.com/aaaaaqx/rv/s10976/_2062214123898033.jpg?small200',1,30);








#----------------리뷰 샘플 ----------------------------------------

 insert into storereview (avg, createdAt, id, partnerId, userId, updatedAt, content) values
('5','2024-02-15 13:48:28.177494',1,1,1,'2024-02-18 13:48:28.177494','리뷰1 test'),
('5','2024-02-15 13:48:28.177494',29,1,1,'2024-02-18 13:48:28.177494','리뷰2 test'),
('1','2024-02-15 13:48:28.177494',2,1,10,'2024-02-18 13:48:28.177494','리뷰3 test'),
('2','2024-02-15 13:48:28.177494',3,1,14,'2024-02-18 13:48:28.177494','리뷰4 test'),
('3','2024-02-16 13:48:28.177494',4,1,4,'2024-02-18 13:48:28.177494','리뷰5 test'),
('3','2024-02-17 13:48:28.177494',5,1,5,'2024-02-18 13:48:28.177494','리뷰6 test'),
('5','2024-02-18 13:48:28.177494',6,1,6,'2024-02-18 13:48:28.177494','리뷰7 test!!'),
('5','2024-02-12 13:48:28.177494',7,1,7,'2024-02-18 13:48:28.177494','리뷰8 test'),
('4','2024-02-13 13:48:28.177494',8,1,8,'2024-02-18 13:48:28.177494','리뷰9 test'),
('3','2024-02-15 13:48:28.177494',9,1,9,'2024-02-18 13:48:28.177494','리뷰10 test'),
('2','2024-02-16 13:48:28.177494',10,1,20,'2024-02-18 13:48:28.177494','리뷰11 test'),
('4','2024-02-14 13:48:28.177494',11,1,5,'2024-02-18 13:48:28.177494','리뷰12 test'),
('3','2024-02-15 13:48:28.177494',12,1,7,'2024-02-18 13:48:28.177494','리뷰13 test'),
('5','2024-02-18 13:48:28.177494',13,1,9,'2024-02-18 13:48:28.177494','리뷰14 test'),
('5','2024-02-13 13:48:28.177494',14,1,3,'2024-02-18 13:48:28.177494','리뷰15 test'),
('5','2024-02-15 13:48:28.177494',15,2,1,'2024-02-18 13:48:28.177494','리뷰16 test'),
('1','2024-02-15 13:48:28.177494',16,2,10,'2024-02-18 13:48:28.177494','리뷰17 test'),
('2','2024-02-15 13:48:28.177494',17,2,14,'2024-02-18 13:48:28.177494','리뷰18 test'),
('3','2024-02-16 13:48:28.177494',18,2,4,'2024-02-18 13:48:28.177494','리뷰19 test'),
('3','2024-02-17 13:48:28.177494',19,2,5,'2024-02-18 13:48:28.177494','리뷰20 test'),
('5','2024-02-18 13:48:28.177494',20,2,6,'2024-02-18 13:48:28.177494','리뷰21 test!!'),
('5','2024-02-12 13:48:28.177494',21,2,7,'2024-02-18 13:48:28.177494','리뷰22 test'),
('4','2024-02-13 13:48:28.177494',22,2,8,'2024-02-18 13:48:28.177494','리뷰23 test'),
('3','2024-02-15 13:48:28.177494',23,2,9,'2024-02-18 13:48:28.177494','리뷰24 test'),
('2','2024-02-16 13:48:28.177494',24,2,20,'2024-02-18 13:48:28.177494','리뷰25 test'),
('4','2024-02-14 13:48:28.177494',25,2,5,'2024-02-18 13:48:28.177494','리뷰26 test'),
('3','2024-02-15 13:48:28.177494',26,2,7,'2024-02-18 13:48:28.177494','리뷰27 test'),
('5','2024-02-18 13:48:28.177494',27,2,9,'2024-02-18 13:48:28.177494','리뷰28 test'),
('2','2024-02-13 13:48:28.177494',28,2,3,'2024-02-18 13:48:28.177494','리뷰29 test'),
('4','2024-02-13 13:48:28.177494',30,3,22,'2024-02-18 13:48:28.177494','리뷰30 test'),
('3','2024-02-13 13:48:28.177494',31,3,22,'2024-02-18 13:48:28.177494','리뷰31 test'),
('1','2024-02-13 13:48:28.177494',32,3,22,'2024-02-18 13:48:28.177494','리뷰32 test'),
('5','2024-02-13 13:48:28.177494',33,3,23,'2024-02-18 13:48:28.177494','리뷰33 test'),
('3','2024-02-13 13:48:28.177494',34,3,23,'2024-02-18 13:48:28.177494','리뷰34 test'),
('3','2024-02-13 13:48:28.177494',35,3,23,'2024-02-18 13:48:28.177494','리뷰35 test'),
('3','2024-02-13 13:48:28.177494',36,3,23,'2024-02-18 13:48:28.177494','리뷰36 test'),
('2','2024-02-13 13:48:28.177494',37,3,23,'2024-02-18 13:48:28.177494','리뷰37 test'),
('1','2024-02-13 13:48:28.177494',38,3,24,'2024-02-18 13:48:28.177494','리뷰38 test'),
('4','2024-02-13 13:48:28.177494',39,3,24,'2024-02-18 13:48:28.177494','리뷰39 test'),
('4','2024-02-13 13:48:28.177494',40,3,24,'2024-02-18 13:48:28.177494','리뷰40 test'),
('3','2024-02-13 13:48:28.177494',41,3,24,'2024-02-18 13:48:28.177494','리뷰41 test'),
('2','2024-02-13 13:48:28.177494',42,3,26,'2024-02-18 13:48:28.177494','리뷰42 test'),
('3','2024-02-13 13:48:28.177494',43,3,25,'2024-02-18 13:48:28.177494','리뷰43 test'),
('3','2024-02-13 13:48:28.177494',44,3,27,'2024-02-18 13:48:28.177494','리뷰44 test'),
('4','2024-02-13 13:48:28.177494',45,3,28,'2024-02-18 13:48:28.177494','리뷰45 test'),
('2','2024-02-13 13:48:28.177494',46,3,29,'2024-02-18 13:48:28.177494','리뷰46 test'),
('1','2024-02-13 13:48:28.177494',47,3,30,'2024-02-18 13:48:28.177494','리뷰47 test'),
('5','2024-02-13 13:48:28.177494',48,3,30,'2024-02-18 13:48:28.177494','리뷰48 test'),
('5','2024-02-13 13:48:28.177494',49,3,30,'2024-02-18 13:48:28.177494','리뷰49 test');



insert into partnerreviewattachment (isImage, createdAt, id, partnerId, storeReviewId, updatedAt, filename, imageUrl) VALUES
(1,'2024-02-15 13:48:28.177494',1,1,1,'2024-02-18 13:48:28.177494','123','https://ugc-images.catchtable.co.kr/rv/s3cSNdEyRL50KeKUYvOAJug/00760e40755643f786b5d97d961a209d?small220.jpg'),
(1,'2024-02-15 13:48:28.177494',29,1,1,'2024-02-18 13:48:28.177494','123','https://ugc-images.catchtable.co.kr/rv/s7qElyOWH4iYaJoTd5P-VAw/ab8600f444c54313a2625968c9b077c0?small220'),
(1,'2024-02-15 13:48:28.177494',30,1,1,'2024-02-18 13:48:28.177494','123','https://ugc-images.catchtable.co.kr/rv/s7qElyOWH4iYaJoTd5P-VAw/ab8600f444c54313a2625968c9b077c0?small220'),
(1,'2024-02-15 13:48:28.177494',31,1,1,'2024-02-18 13:48:28.177494','123','https://ugc-images.catchtable.co.kr/rv/s7qElyOWH4iYaJoTd5P-VAw/ab8600f444c54313a2625968c9b077c0?small220'),
(1,'2024-02-15 13:48:28.177494',32,1,1,'2024-02-18 13:48:28.177494','123','https://ugc-images.catchtable.co.kr/rv/s7qElyOWH4iYaJoTd5P-VAw/ab8600f444c54313a2625968c9b077c0?small220'),
(1,'2024-02-15 13:48:28.177494',2,1,2,'2024-02-18 13:48:28.177494','123','https://ugc-images.catchtable.co.kr/rv/s3cSNdEyRL50KeKUYvOAJug/d2cc80fab644402ab73e965386c5c3df?small220'),
(1,'2024-02-15 13:48:28.177494',33,1,2,'2024-02-18 13:48:28.177494','123','https://ugc-images.catchtable.co.kr/rv/s7qElyOWH4iYaJoTd5P-VAw/9578658354ac4c0e9c7fa5abd59bb681?small220'),
(1,'2024-02-15 13:48:28.177494',34,1,2,'2024-02-18 13:48:28.177494','123','https://ugc-images.catchtable.co.kr/rv/s7qElyOWH4iYaJoTd5P-VAw/9578658354ac4c0e9c7fa5abd59bb681?small220'),
(1,'2024-02-15 13:48:28.177494',3,1,3,'2024-02-18 13:48:28.177494','123','https://ugc-images.catchtable.co.kr/rv/s3cSNdEyRL50KeKUYvOAJug/efb10aef25194c5d80d9488e62f0e684?small220'),
(1,'2024-02-15 13:48:28.177494',35,1,3,'2024-02-18 13:48:28.177494','123','https://toast-images.catchtable.co.kr/aaaaaqx/rv/s7qElyOWH4iYaJoTd5P-VAw/221230101540989_rv.jpg?small220'),
(1,'2024-02-16 13:48:28.177494',4,1,4,'2024-02-18 13:48:28.177494','123','https://ugc-images.catchtable.co.kr/rv/s3cSNdEyRL50KeKUYvOAJug/fe44f73f4a914b0094191ed35e66b716?small220'),
(1,'2024-02-17 13:48:28.177494',5,1,5,'2024-02-18 13:48:28.177494','123','https://ugc-images.catchtable.co.kr/rv/s3cSNdEyRL50KeKUYvOAJug/019aa0cf1404475ca1daaea8c1b18070?small220'),
(1,'2024-02-18 13:48:28.177494',6,1,6,'2024-02-18 13:48:28.177494','123','https://ugc-images.catchtable.co.kr/rv/s3cSNdEyRL50KeKUYvOAJug/221cd4144e77464d866a059d00dd8fdd?small220'),
(1,'2024-02-12 13:48:28.177494',7,1,7,'2024-02-18 13:48:28.177494','123','https://ugc-images.catchtable.co.kr/rv/s3cSNdEyRL50KeKUYvOAJug/a3e6fed4cf9d491c94ba50d3bc4c737a?small220'),
(1,'2024-02-13 13:48:28.177494',8,1,8,'2024-02-18 13:48:28.177494','123','https://ugc-images.catchtable.co.kr/rv/s3cSNdEyRL50KeKUYvOAJug/1fa0aa13a62949ab87fe699f4a4aea9b?small220'),
(1,'2024-02-15 13:48:28.177494',9,1,9,'2024-02-18 13:48:28.177494','123','https://ugc-images.catchtable.co.kr/rv/s3cSNdEyRL50KeKUYvOAJug/e4321b09982547088c8e8d852132927e?small220'),
(1,'2024-02-16 13:48:28.177494',10,1,10,'2024-02-18 13:48:28.177494','123','https://ugc-images.catchtable.co.kr/rv/s3cSNdEyRL50KeKUYvOAJug/d9db0f0c7ef94537804db9952e956480?small220'),
(1,'2024-02-14 13:48:28.177494',11,1,11,'2024-02-18 13:48:28.177494','123','https://ugc-images.catchtable.co.kr/rv/s3cSNdEyRL50KeKUYvOAJug/e09319b41a4c4c5b9d0edc0e27e330c9?small220'),
(1,'2024-02-15 13:48:28.177494',12,1,12,'2024-02-18 13:48:28.177494','123','https://ugc-images.catchtable.co.kr/rv/s3cSNdEyRL50KeKUYvOAJug/8082d0ced4be404d8b3253c235e26052?small220'),
(1,'2024-02-18 13:48:28.177494',13,1,13,'2024-02-18 13:48:28.177494','123','https://ugc-images.catchtable.co.kr/rv/s3cSNdEyRL50KeKUYvOAJug/953d35e8d5514348bf0ead8d966ddeb6?small220'),
(1,'2024-02-13 13:48:28.177494',14,1,14,'2024-02-18 13:48:28.177494','123','https://ugc-images.catchtable.co.kr/rv/s7qElyOWH4iYaJoTd5P-VAw/c85d07d4af144f9d9967e73416bd6fe3?small220'),
(1,'2024-02-15 13:48:28.177494',15,1,15,'2024-02-18 13:48:28.177494','123','https://ugc-images.catchtable.co.kr/rv/s7qElyOWH4iYaJoTd5P-VAw/ab8600f444c54313a2625968c9b077c0?small220'),
(1,'2024-02-15 13:48:28.177494',16,1,16,'2024-02-18 13:48:28.177494','123','https://ugc-images.catchtable.co.kr/rv/s7qElyOWH4iYaJoTd5P-VAw/9578658354ac4c0e9c7fa5abd59bb681?small220'),
(1,'2024-02-15 13:48:28.177494',17,1,17,'2024-02-18 13:48:28.177494','123','https://toast-images.catchtable.co.kr/aaaaaqx/rv/s7qElyOWH4iYaJoTd5P-VAw/221230101540989_rv.jpg?small220'),
(1,'2024-02-16 13:48:28.177494',18,1,18,'2024-02-18 13:48:28.177494','123','https://toast-images.catchtable.co.kr/aaaaaqx/rv/sDOnG--ipNpE0KsoSzlTm2g/23513001429436_rv.jpg?small220'),
(1,'2024-02-17 13:48:28.177494',19,1,19,'2024-02-18 13:48:28.177494','123','https://toast-images.catchtable.co.kr/aaaaaqx/rv/s7qElyOWH4iYaJoTd5P-VAw/230718224130220(0).jpeg?small220'),
(1,'2024-02-18 13:48:28.177494',20,1,20,'2024-02-18 13:48:28.177494','123','https://toast-images.catchtable.co.kr/aaaaaqx/rv/sDOnG--ipNpE0KsoSzlTm2g/230330092038892(0).jpeg?small220'),
(1,'2024-02-12 13:48:28.177494',21,1,21,'2024-02-18 13:48:28.177494','123','https://toast-images.catchtable.co.kr/aaaaaqx/rv/s7qElyOWH4iYaJoTd5P-VAw/23613140844993_rv.jpg?small220'),
(1,'2024-02-13 13:48:28.177494',22,1,22,'2024-02-18 13:48:28.177494','123','https://toast-images.catchtable.co.kr/aaaaaqx/rv/s7qElyOWH4iYaJoTd5P-VAw/221225215527906(1).jpeg?small220'),
(1,'2024-02-15 13:48:28.177494',23,1,23,'2024-02-18 13:48:28.177494','123','https://ugc-images.catchtable.co.kr/rv/s7qElyOWH4iYaJoTd5P-VAw/13d0d6e634a44827934c720ec573f5d6?small220'),
(1,'2024-02-16 13:48:28.177494',24,1,24,'2024-02-18 13:48:28.177494','123','https://ugc-images.catchtable.co.kr/rv/s7qElyOWH4iYaJoTd5P-VAw/dce255e3a23040e9a6a05f539fdfdc38?small220'),
(1,'2024-02-14 13:48:28.177494',25,1,25,'2024-02-18 13:48:28.177494','123','https://ugc-images.catchtable.co.kr/rv/s7qElyOWH4iYaJoTd5P-VAw/c331cd45277f4041950346e992c9d2fb?small220'),
(1,'2024-02-15 13:48:28.177494',26,1,26,'2024-02-18 13:48:28.177494','123','https://ugc-images.catchtable.co.kr/rv/s7qElyOWH4iYaJoTd5P-VAw/6d841c4f1815402d8d92e25cfe3f73a3?small220'),
(1,'2024-02-18 13:48:28.177494',27,1,27,'2024-02-18 13:48:28.177494','123','https://toast-images.catchtable.co.kr/aaaaaqx/rv/s7qElyOWH4iYaJoTd5P-VAw/221227224355079_rv.jpg?small220'),
(1,'2024-02-13 13:48:28.177494',28,1,28,'2024-02-18 13:48:28.177494','123','https://ugc-images.catchtable.co.kr/rv/s7qElyOWH4iYaJoTd5P-VAw/c85d07d4af144f9d9967e73416bd6fe3?small220');





insert into partnermenu (createdAt, id, partnerId, updatedAt, menuImageUrl, name, price) VALUES
('2024-02-22 00:10:10.315438',1,1,'2024-02-22 00:10:10.315438','https://eatablebucket.s3.ap-northeast-2.amazonaws.com/1708528210082-3csndeyrl50kekuyvoajug_2371717525516841.png','버크셔k로스카츠',15500),
('2024-02-22 00:10:10.315438',2,1,'2024-02-22 00:10:10.315438','https://eatablebucket.s3.ap-northeast-2.amazonaws.com/1708528233146-3csndeyrl50kekuyvoajug_2371717531959459.png','버크셔k특로스카츠(한정수량)',18500),
('2024-02-22 00:10:10.315438',3,1,'2024-02-22 00:10:10.315438','https://eatablebucket.s3.ap-northeast-2.amazonaws.com/1708528257287-3csndeyrl50kekuyvoajug_2371717550549263.png','로스카츠',12000),
('2024-02-22 00:10:10.315438',4,1,'2024-02-22 00:10:10.315438','https://eatablebucket.s3.ap-northeast-2.amazonaws.com/1708528273771-3csndeyrl50kekuyvoajug_2371717533700937_%281%29.png','히레카츠',12500),
('2024-02-22 00:10:10.315438',5,1,'2024-02-22 00:10:10.315438','https://eatablebucket.s3.ap-northeast-2.amazonaws.com/1708528287811-3csndeyrl50kekuyvoajug_2371717563497630.png','에비카츠',15500),
('2024-02-22 00:10:10.315438',6,1,'2024-02-22 00:10:10.315438','https://eatablebucket.s3.ap-northeast-2.amazonaws.com/1708528307078-3csndeyrl50kekuyvoajug_2371717562068833.png','모둠카츠',12000);