SELECT * FROM comment;
SELECT * FROM follow;
SELECT * FROM partner;
SELECT * FROM partnerattachment;
SELECT * FROM partnermenu;
SELECT * FROM storereview;
SELECT * FROM partnerreviewattachment;
SELECT * FROM role;
SELECT * FROM userrole;
SELECT * FROM user;
SELECT * FROM partnerreq;
SELECT * FROM reviewlike;
SELECT * FROM waiting;
SELECT * FROM reservation;




#
# insert into user (id, username,birthdate,activated, password,nickName, name, bio , email)
# values (2, 'admin', '910309','','$2a$08$lDnHPz7eUkSi6ao14Twuau08mzhWrL4kyZGGU5xfiGALO/Vxd5DOi' ,'송', 'admin', 'ㅇㅇㄴ', 'mino030@naver.com');
#
# insert into userrole (userId, roleId) values (2,1);
# insert into userrole (userId, roleId) values (1,3);
#
# insert into userrole (userId, roleId) values (3,2);

insert into role (id, roleName) values
    (1, 'ROLE_MEMBER'),
    (2, 'ROLE_PARTNER'),
    (3, 'ROLE_ADMIN');



# #---------------------재환----------------------------------------------
# insert into partner (lat, lng, id,  userId, area, corkCharge, favorite, storeInfo, openTime, parking, partnerName, partnerPhone, partnerState, reserveInfo, storeName, storePhone, tableCnt, zipCode)
# values (37.5283169, 126.9294254, 1,  2, "서울", 'TRUE', "일식", "돈까스 판매", 2024-02-02, 'TRUE', "짱구", "010-1234-1234", 'TRUE', "이게뭐지", "돈까스집", "010-7777-7777", 20, "01241421");
#
# insert into partnerattachment (isImage, id, partnerId, description, filename, imageUrl, sourcename)
# values (1, 1, 1, '하이', '파일네임', '이미지URL', 'sourcename');
#

# insert into partnermenu (id, name, price, regDate, attachment_id, partnerId)
# VALUES (1, '김밥', '1000원', '2024-02-13 13:48:28.177494', 3, 1);
#


# --------유저---------------------------------------------------------

insert into user (id,username,createdAt ,password,name, nickName,birthdate,email,phone,activated,temperature,profileImageUrl) values

(1,'user1','2024-02-26 13:48:28.177494','$2a$10$WiGFjlDZzzmNuFWDmv4jsOK56flmJpmWLe1ATuiiMZHChQ8UXdPfG' , '송1','사용자1','910309','imsen4@naver.com','01000000000',1,'10','https://eatablebucket.s3.ap-northeast-2.amazonaws.com/userdefault.png'),
(2,'user2','2024-02-26 13:48:28.177494','$2a$10$Mh6/AJAbQ29bHY.X5iZqFuZLr/JlJ7Wf1AxdsiIZgP5Y.ukLBvL0i' , '송2','사용자2','910309','imsen4@naver.com','01000000000',1,'10','https://eatablebucket.s3.ap-northeast-2.amazonaws.com/userdefault.png'),
(3,'user3','2024-02-26 13:48:28.177494','$2a$10$pk2f0TiYdi94YbsL7HN34ujY6A8REMn/6CusdvsbZZv2K183s/Lfq' , '송3','사용자3','910309','imsen4@naver.com','01000000000',1,'10','https://eatablebucket.s3.ap-northeast-2.amazonaws.com/userdefault.png'),
(4,'user4','2024-02-26 13:48:28.177494','$2a$10$mD/DNyndOu94zmvkwLGgQuG7AzfD3UirxagramZoe5YT87Ifa0.6y' , '송4','사용자4','910309','imsen4@naver.com','01000000000',1,'10','https://eatablebucket.s3.ap-northeast-2.amazonaws.com/userdefault.png'),
(5,'user5','2024-02-26 13:48:28.177494','$2a$10$.3rd2iOf9tVWqt.k2tHtRe0gTXUx.9Pbv.8d/al2/nnRnpVJcK.Q2' , '송5','사용자5','910309','imsen4@naver.com','01000000000',1,'10','https://eatablebucket.s3.ap-northeast-2.amazonaws.com/userdefault.png'),
(6,'user6','2024-02-26 13:48:28.177494','$2a$10$AbfaPhMEsMBc2UWGlwxUs.3FEEG5Ghz22AM136dz4EBMBcdHHGA2m' , '송6','사용자6','910309','imsen4@naver.com','01000000000',1,'10','https://eatablebucket.s3.ap-northeast-2.amazonaws.com/userdefault.png'),
(7,'user7','2024-02-26 13:48:28.177494','$2a$10$4i6V33LcygnNnTU5ygF4n.jEFFTQI2c6bOxsrfljmdnGwkM7PPIxq' , '송7','사용자7','910309','imsen4@naver.com','01000000000',1,'10','https://eatablebucket.s3.ap-northeast-2.amazonaws.com/userdefault.png'),
(8,'user8','2024-02-26 13:48:28.177494','$2a$10$dATltd.bTWXmN1EjMFuW5e3BS2t6irG1Vq98SHaxVAHIzE3063sd2' , '송8','사용자8','910309','imsen4@naver.com','01000000000',1,'10','https://eatablebucket.s3.ap-northeast-2.amazonaws.com/userdefault.png'),
(9,'user9','2024-02-26 13:48:28.177494','$2a$10$PND2lcJgIR8C2q6a01iPlenAx4UWDkzLboPOUb9HYXg7AdYBDT0yS' , '송9','사용자9','910309','imsen4@naver.com','01000000000',1,'10','https://eatablebucket.s3.ap-northeast-2.amazonaws.com/userdefault.png'),
(10,'user10','2024-02-26 13:48:28.177494','$2a$10$o7pAABDQ/Ghpc3GfSB3qdu9eErBDIDBHczw2SXW5v.YfMcNtFlhAu' , '송10','사용자10','910309','imsen4@naver.com','01000000000',1,'10','https://eatablebucket.s3.ap-northeast-2.amazonaws.com/userdefault.png'),
(11,'user11','2024-02-26 13:48:28.177494','$2a$10$k.3xPwvk3uScocdDII6pr.Nd2aoTENDzJcaeKfhdFd.1ddsoI.CS6' , '송11','사용자11','910309','imsen4@naver.com','01000000000',1,'10','https://eatablebucket.s3.ap-northeast-2.amazonaws.com/userdefault.png'),
(12,'user12','2024-02-26 13:48:28.177494','$2a$10$vZIFoPn572QrY5SGJwd8/ebg3XBWFrHUhy9wNIixdXcWp0ShLVE3a' , '송12','사용자12','910309','imsen4@naver.com','01000000000',1,'10','https://eatablebucket.s3.ap-northeast-2.amazonaws.com/userdefault.png'),
(13,'user13','2024-02-26 13:48:28.177494','$2a$10$Nb1.GGSccUbyUF24IV2sTe5oj0xgnXTRSE./mHNFobi.5j0wynISC' , '송13','사용자13','910309','imsen4@naver.com','01000000000',1,'10','https://eatablebucket.s3.ap-northeast-2.amazonaws.com/userdefault.png'),
(14,'user14','2024-02-26 13:48:28.177494','$2a$10$pBbo8.J3Ff2IxSebDR.v0.aSK58qnOCqqMRyjSXV4Q7kqTHSxQpLW' , '송14','사용자14','910309','imsen4@naver.com','01000000000',1,'10','https://eatablebucket.s3.ap-northeast-2.amazonaws.com/userdefault.png'),
(15,'user15','2024-02-26 13:48:28.177494','$2a$10$QyGEonrSoriwKneoQrdbOuWNYbM.BR8o/VWnBdldScP/OgztmdQIu' , '송15','사용자15','910309','imsen4@naver.com','01000000000',1,'10','https://eatablebucket.s3.ap-northeast-2.amazonaws.com/userdefault.png'),
(16,'user16','2024-02-27 13:48:28.177494','$2a$10$82KGMdI8qYjPsz0JiAt6QuAptTO9QAm1J6sBjOzLvlQVADpYHp6Fi' , '송16','사용자16','910309','imsen4@naver.com','01000000000',1,'10','https://eatablebucket.s3.ap-northeast-2.amazonaws.com/userdefault.png'),
(17,'user17','2024-02-27 13:48:28.177494','$2a$10$LCGhPEXqHEa/rIZThy9SOOAdtZ7xEHuoPmtIo5XCiu8FGBTRL.yWq' , '송17','사용자17','910309','imsen4@naver.com','01000000000',1,'10','https://eatablebucket.s3.ap-northeast-2.amazonaws.com/userdefault.png'),
(18,'user18','2024-02-27 13:48:28.177494','$2a$10$lL3X.esOof03kubHUrjE3uQ9oGxBNqntr0mMUZawhS9YyJFAR6ul2' , '송18','사용자18','910309','imsen4@naver.com','01000000000',1,'10','https://eatablebucket.s3.ap-northeast-2.amazonaws.com/userdefault.png'),
(19,'user19','2024-02-27 13:48:28.177494','$2a$10$FJ3095fmIqRMNPSd4OpouOWPmncVZUkyoulNg1/K5jhVFiJ/Znkfa' , '송19','사용자19','910309','imsen4@naver.com','01000000000',1,'10','https://eatablebucket.s3.ap-northeast-2.amazonaws.com/userdefault.png'),
(20,'user20','2024-02-27 13:48:28.177494','$2a$10$FJ3095fmIqRMNPSd4OpouOWPmncVZUkyoulNg1/K5jhVFiJ/Znkfa' , '송20','사용자20','910309','imsen4@naver.com','01000000000',1,'10','https://eatablebucket.s3.ap-northeast-2.amazonaws.com/userdefault.png'),
(21,'user21','2024-02-27 13:48:28.177494','$2a$10$FJ3095fmIqRMNPSd4OpouOWPmncVZUkyoulNg1/K5jhVFiJ/Znkfa' , '송21','사용자21','910309','imsen4@naver.com','01000000000',1,'10','https://eatablebucket.s3.ap-northeast-2.amazonaws.com/userdefault.png'),
(22,'user22','2024-02-27 13:48:28.177494','$2a$10$FJ3095fmIqRMNPSd4OpouOWPmncVZUkyoulNg1/K5jhVFiJ/Znkfa' , '송22','사용자22','910309','imsen4@naver.com','01000000000',1,'10','https://eatablebucket.s3.ap-northeast-2.amazonaws.com/userdefault.png'),
(23,'user23','2024-02-27 13:48:28.177494','$2a$10$FJ3095fmIqRMNPSd4OpouOWPmncVZUkyoulNg1/K5jhVFiJ/Znkfa' , '송23','사용자23','910309','imsen4@naver.com','01000000000',1,'10','https://eatablebucket.s3.ap-northeast-2.amazonaws.com/userdefault.png'),
(24,'user24','2024-02-27 13:48:28.177494','$2a$10$FJ3095fmIqRMNPSd4OpouOWPmncVZUkyoulNg1/K5jhVFiJ/Znkfa' , '송24','사용자24','910309','imsen4@naver.com','01000000000',1,'10','https://eatablebucket.s3.ap-northeast-2.amazonaws.com/userdefault.png'),
(25,'user25','2024-02-27 13:48:28.177494','$2a$10$FJ3095fmIqRMNPSd4OpouOWPmncVZUkyoulNg1/K5jhVFiJ/Znkfa' , '송25','사용자25','910309','imsen4@naver.com','01000000000',1,'10','https://eatablebucket.s3.ap-northeast-2.amazonaws.com/userdefault.png'),
(26,'user26','2024-02-27 13:48:28.177494','$2a$10$FJ3095fmIqRMNPSd4OpouOWPmncVZUkyoulNg1/K5jhVFiJ/Znkfa' , '송26','사용자26','910309','imsen4@naver.com','01000000000',1,'10','https://eatablebucket.s3.ap-northeast-2.amazonaws.com/userdefault.png'),
(27,'user27','2024-02-27 13:48:28.177494','$2a$10$FJ3095fmIqRMNPSd4OpouOWPmncVZUkyoulNg1/K5jhVFiJ/Znkfa' , '송27','사용자27','910309','imsen4@naver.com','01000000000',1,'10','https://eatablebucket.s3.ap-northeast-2.amazonaws.com/userdefault.png'),
(28,'user28','2024-02-27 13:48:28.177494','$2a$10$FJ3095fmIqRMNPSd4OpouOWPmncVZUkyoulNg1/K5jhVFiJ/Znkfa' , '송28','사용자28','910309','imsen4@naver.com','01000000000',1,'10','https://eatablebucket.s3.ap-northeast-2.amazonaws.com/userdefault.png'),
(29,'user29','2024-02-28 13:48:28.177494','$2a$10$FJ3095fmIqRMNPSd4OpouOWPmncVZUkyoulNg1/K5jhVFiJ/Znkfa' , '송29','사용자29','910309','imsen4@naver.com','01000000000',1,'10','https://eatablebucket.s3.ap-northeast-2.amazonaws.com/userdefault.png'),
(30,'user30','2024-02-28 13:48:28.177494','$2a$10$FJ3095fmIqRMNPSd4OpouOWPmncVZUkyoulNg1/K5jhVFiJ/Znkfa' , '송30','사용자30','910309','imsen4@naver.com','01000000000',1,'10','https://eatablebucket.s3.ap-northeast-2.amazonaws.com/userdefault.png'),
(31,'user31','2024-02-28 13:48:28.177494','$2a$10$FJ3095fmIqRMNPSd4OpouOWPmncVZUkyoulNg1/K5jhVFiJ/Znkfa' , '송31','사용자31','910309','imsen4@naver.com','01000000000',1,'10','https://eatablebucket.s3.ap-northeast-2.amazonaws.com/userdefault.png'),
(32,'user32','2024-02-28 13:48:28.177494','$2a$10$FJ3095fmIqRMNPSd4OpouOWPmncVZUkyoulNg1/K5jhVFiJ/Znkfa' , '송32','사용자32','910309','imsen4@naver.com','01000000000',1,'10','https://eatablebucket.s3.ap-northeast-2.amazonaws.com/userdefault.png'),
(33,'user33','2024-02-28 13:48:28.177494','$2a$10$FJ3095fmIqRMNPSd4OpouOWPmncVZUkyoulNg1/K5jhVFiJ/Znkfa' , '송33','사용자33','910309','imsen4@naver.com','01000000000',1,'10','https://eatablebucket.s3.ap-northeast-2.amazonaws.com/userdefault.png'),
(34,'user34','2024-02-28 13:48:28.177494','$2a$10$FJ3095fmIqRMNPSd4OpouOWPmncVZUkyoulNg1/K5jhVFiJ/Znkfa' , '송34','사용자34','910309','imsen4@naver.com','01000000000',1,'10','https://eatablebucket.s3.ap-northeast-2.amazonaws.com/userdefault.png'),
(35,'user35','2024-02-28 13:48:28.177494','$2a$10$FJ3095fmIqRMNPSd4OpouOWPmncVZUkyoulNg1/K5jhVFiJ/Znkfa' , '송35','사용자35','910309','imsen4@naver.com','01000000000',1,'10','https://eatablebucket.s3.ap-northeast-2.amazonaws.com/userdefault.png'),
(36,'user36','2024-02-28 13:48:28.177494','$2a$10$FJ3095fmIqRMNPSd4OpouOWPmncVZUkyoulNg1/K5jhVFiJ/Znkfa' , '송36','사용자36','910309','imsen4@naver.com','01000000000',1,'10','https://eatablebucket.s3.ap-northeast-2.amazonaws.com/userdefault.png'),
(37,'user37','2024-02-28 13:48:28.177494','$2a$10$FJ3095fmIqRMNPSd4OpouOWPmncVZUkyoulNg1/K5jhVFiJ/Znkfa' , '송37','사용자37','910309','imsen4@naver.com','01000000000',1,'10','https://eatablebucket.s3.ap-northeast-2.amazonaws.com/userdefault.png'),
(38,'user38','2024-02-28 13:48:28.177494','$2a$10$FJ3095fmIqRMNPSd4OpouOWPmncVZUkyoulNg1/K5jhVFiJ/Znkfa' , '송38','사용자38','910309','imsen4@naver.com','01000000000',1,'10','https://eatablebucket.s3.ap-northeast-2.amazonaws.com/userdefault.png'),
(39,'user39','2024-02-28 13:48:28.177494','$2a$10$FJ3095fmIqRMNPSd4OpouOWPmncVZUkyoulNg1/K5jhVFiJ/Znkfa' , '송39','사용자39','910309','imsen4@naver.com','01000000000',1,'10','https://eatablebucket.s3.ap-northeast-2.amazonaws.com/userdefault.png'),
(40,'user40','2024-02-28 13:48:28.177494','$2a$10$FJ3095fmIqRMNPSd4OpouOWPmncVZUkyoulNg1/K5jhVFiJ/Znkfa' , '송40','사용자40','910309','imsen4@naver.com','01000000000',1,'10','https://eatablebucket.s3.ap-northeast-2.amazonaws.com/userdefault.png'),
(41,'user41','2024-02-28 13:48:28.177494','$2a$10$FJ3095fmIqRMNPSd4OpouOWPmncVZUkyoulNg1/K5jhVFiJ/Znkfa' , '송41','사용자41','910309','imsen4@naver.com','01000000000',1,'10','https://eatablebucket.s3.ap-northeast-2.amazonaws.com/userdefault.png'),
(42,'user42','2024-02-28 13:48:28.177494','$2a$10$FJ3095fmIqRMNPSd4OpouOWPmncVZUkyoulNg1/K5jhVFiJ/Znkfa' , '송42','사용자42','910309','imsen4@naver.com','01000000000',1,'10','https://eatablebucket.s3.ap-northeast-2.amazonaws.com/userdefault.png'),
(43,'user43','2024-02-28 13:48:28.177494','$2a$10$FJ3095fmIqRMNPSd4OpouOWPmncVZUkyoulNg1/K5jhVFiJ/Znkfa' , '송43','사용자43','910309','imsen4@naver.com','01000000000',1,'10','https://eatablebucket.s3.ap-northeast-2.amazonaws.com/userdefault.png'),
(44,'user44','2024-02-28 13:48:28.177494','$2a$10$FJ3095fmIqRMNPSd4OpouOWPmncVZUkyoulNg1/K5jhVFiJ/Znkfa' , '송44','사용자44','910309','imsen4@naver.com','01000000000',1,'10','https://eatablebucket.s3.ap-northeast-2.amazonaws.com/userdefault.png'),
(45,'user45','2024-02-28 13:48:28.177494','$2a$10$FJ3095fmIqRMNPSd4OpouOWPmncVZUkyoulNg1/K5jhVFiJ/Znkfa' , '송45','사용자45','910309','imsen4@naver.com','01000000000',1,'10','https://eatablebucket.s3.ap-northeast-2.amazonaws.com/userdefault.png'),
(46,'user46','2024-02-28 13:48:28.177494','$2a$10$FJ3095fmIqRMNPSd4OpouOWPmncVZUkyoulNg1/K5jhVFiJ/Znkfa' , '송46','사용자46','910309','imsen4@naver.com','01000000000',1,'10','https://eatablebucket.s3.ap-northeast-2.amazonaws.com/userdefault.png'),
(47,'user47','2024-02-28 13:48:28.177494','$2a$10$FJ3095fmIqRMNPSd4OpouOWPmncVZUkyoulNg1/K5jhVFiJ/Znkfa' , '송47','사용자47','910309','imsen4@naver.com','01000000000',1,'10','https://eatablebucket.s3.ap-northeast-2.amazonaws.com/userdefault.png'),
(48,'user48','2024-02-28 13:48:28.177494','$2a$10$FJ3095fmIqRMNPSd4OpouOWPmncVZUkyoulNg1/K5jhVFiJ/Znkfa' , '송48','사용자48','910309','imsen4@naver.com','01000000000',1,'10','https://eatablebucket.s3.ap-northeast-2.amazonaws.com/userdefault.png'),
(49,'user49','2024-02-28 13:48:28.177494','$2a$10$FJ3095fmIqRMNPSd4OpouOWPmncVZUkyoulNg1/K5jhVFiJ/Znkfa' , '송49','사용자49','910309','imsen4@naver.com','01000000000',1,'10','https://eatablebucket.s3.ap-northeast-2.amazonaws.com/userdefault.png'),
(50,'user50','2024-02-29 13:48:28.177494','$2a$10$FJ3095fmIqRMNPSd4OpouOWPmncVZUkyoulNg1/K5jhVFiJ/Znkfa' , '송50','사용자50','910309','imsen4@naver.com','01000000000',1,'10','https://eatablebucket.s3.ap-northeast-2.amazonaws.com/userdefault.png'),
(51,'user51','2024-02-29 13:48:28.177494','$2a$10$FJ3095fmIqRMNPSd4OpouOWPmncVZUkyoulNg1/K5jhVFiJ/Znkfa' , '송51','사용자51','910309','imsen4@naver.com','01000000000',1,'10','https://eatablebucket.s3.ap-northeast-2.amazonaws.com/userdefault.png'),
(52,'user52','2024-02-29 13:48:28.177494','$2a$10$FJ3095fmIqRMNPSd4OpouOWPmncVZUkyoulNg1/K5jhVFiJ/Znkfa' , '송52','사용자52','910309','imsen4@naver.com','01000000000',1,'10','https://eatablebucket.s3.ap-northeast-2.amazonaws.com/userdefault.png'),
(53,'user53','2024-02-29 13:48:28.177494','$2a$10$FJ3095fmIqRMNPSd4OpouOWPmncVZUkyoulNg1/K5jhVFiJ/Znkfa' , '송53','사용자53','910309','imsen4@naver.com','01000000000',1,'10','https://eatablebucket.s3.ap-northeast-2.amazonaws.com/userdefault.png'),
(54,'user54','2024-02-29 13:48:28.177494','$2a$10$FJ3095fmIqRMNPSd4OpouOWPmncVZUkyoulNg1/K5jhVFiJ/Znkfa' , '송54','사용자54','910309','imsen4@naver.com','01000000000',1,'10','https://eatablebucket.s3.ap-northeast-2.amazonaws.com/userdefault.png'),
(55,'user55','2024-02-29 13:48:28.177494','$2a$10$FJ3095fmIqRMNPSd4OpouOWPmncVZUkyoulNg1/K5jhVFiJ/Znkfa' , '송55','사용자55','910309','imsen4@naver.com','01000000000',1,'10','https://eatablebucket.s3.ap-northeast-2.amazonaws.com/userdefault.png'),
(56,'user56','2024-02-29 13:48:28.177494','$2a$10$FJ3095fmIqRMNPSd4OpouOWPmncVZUkyoulNg1/K5jhVFiJ/Znkfa' , '송56','사용자56','910309','imsen4@naver.com','01000000000',1,'10','https://eatablebucket.s3.ap-northeast-2.amazonaws.com/userdefault.png'),
(57,'user57','2024-02-29 13:48:28.177494','$2a$10$FJ3095fmIqRMNPSd4OpouOWPmncVZUkyoulNg1/K5jhVFiJ/Znkfa' , '송57','사용자57','910309','imsen4@naver.com','01000000000',1,'10','https://eatablebucket.s3.ap-northeast-2.amazonaws.com/userdefault.png'),
(58,'user58','2024-02-29 13:48:28.177494','$2a$10$FJ3095fmIqRMNPSd4OpouOWPmncVZUkyoulNg1/K5jhVFiJ/Znkfa' , '송58','사용자58','910309','imsen4@naver.com','01000000000',1,'10','https://eatablebucket.s3.ap-northeast-2.amazonaws.com/userdefault.png'),
(59,'user59','2024-02-29 13:48:28.177494','$2a$10$FJ3095fmIqRMNPSd4OpouOWPmncVZUkyoulNg1/K5jhVFiJ/Znkfa' , '송59','사용자59','910309','imsen4@naver.com','01000000000',1,'10','https://eatablebucket.s3.ap-northeast-2.amazonaws.com/userdefault.png'),
(60,'user60','2024-02-29 13:48:28.177494','$2a$10$FJ3095fmIqRMNPSd4OpouOWPmncVZUkyoulNg1/K5jhVFiJ/Znkfa' , '송60','사용자60','910309','imsen4@naver.com','01000000000',1,'10','https://eatablebucket.s3.ap-northeast-2.amazonaws.com/userdefault.png'),
(61,'user61','2024-02-29 13:48:28.177494','$2a$10$FJ3095fmIqRMNPSd4OpouOWPmncVZUkyoulNg1/K5jhVFiJ/Znkfa' , '송61','사용자61','910309','imsen4@naver.com','01000000000',1,'10','https://eatablebucket.s3.ap-northeast-2.amazonaws.com/userdefault.png'),
(62,'user62','2024-02-29 13:48:28.177494','$2a$10$FJ3095fmIqRMNPSd4OpouOWPmncVZUkyoulNg1/K5jhVFiJ/Znkfa' , '송62','사용자62','910309','imsen4@naver.com','01000000000',1,'10','https://eatablebucket.s3.ap-northeast-2.amazonaws.com/userdefault.png'),
(63,'user63','2024-02-29 13:48:28.177494','$2a$10$FJ3095fmIqRMNPSd4OpouOWPmncVZUkyoulNg1/K5jhVFiJ/Znkfa' , '송63','사용자63','910309','imsen4@naver.com','01000000000',1,'10','https://eatablebucket.s3.ap-northeast-2.amazonaws.com/userdefault.png'),
(64,'user64','2024-02-29 13:48:28.177494','$2a$10$FJ3095fmIqRMNPSd4OpouOWPmncVZUkyoulNg1/K5jhVFiJ/Znkfa' , '송64','사용자64','910309','imsen4@naver.com','01000000000',1,'10','https://eatablebucket.s3.ap-northeast-2.amazonaws.com/userdefault.png'),
(65,'user65','2024-02-29 13:48:28.177494','$2a$10$FJ3095fmIqRMNPSd4OpouOWPmncVZUkyoulNg1/K5jhVFiJ/Znkfa' , '송65','사용자65','910309','imsen4@naver.com','01000000000',1,'10','https://eatablebucket.s3.ap-northeast-2.amazonaws.com/userdefault.png'),
(66,'user66','2024-02-29 13:48:28.177494','$2a$10$FJ3095fmIqRMNPSd4OpouOWPmncVZUkyoulNg1/K5jhVFiJ/Znkfa' , '송66','사용자66','910309','imsen4@naver.com','01000000000',1,'10','https://eatablebucket.s3.ap-northeast-2.amazonaws.com/userdefault.png'),
(67,'user67','2024-02-29 13:48:28.177494','$2a$10$FJ3095fmIqRMNPSd4OpouOWPmncVZUkyoulNg1/K5jhVFiJ/Znkfa' , '송67','사용자67','910309','imsen4@naver.com','01000000000',1,'10','https://eatablebucket.s3.ap-northeast-2.amazonaws.com/userdefault.png'),
(68,'user68','2024-02-29 13:48:28.177494','$2a$10$FJ3095fmIqRMNPSd4OpouOWPmncVZUkyoulNg1/K5jhVFiJ/Znkfa' , '송68','사용자68','910309','imsen4@naver.com','01000000000',1,'10','https://eatablebucket.s3.ap-northeast-2.amazonaws.com/userdefault.png'),
(69,'user69','2024-02-29 13:48:28.177494','$2a$10$FJ3095fmIqRMNPSd4OpouOWPmncVZUkyoulNg1/K5jhVFiJ/Znkfa' , '송69','사용자69','910309','imsen4@naver.com','01000000000',1,'10','https://eatablebucket.s3.ap-northeast-2.amazonaws.com/userdefault.png'),
(70,'user70','2024-02-29 13:48:28.177494','$2a$10$FJ3095fmIqRMNPSd4OpouOWPmncVZUkyoulNg1/K5jhVFiJ/Znkfa' , '송70','사용자70','910309','imsen4@naver.com','01000000000',1,'10','https://eatablebucket.s3.ap-northeast-2.amazonaws.com/userdefault.png'),
(71,'user71','2024-02-29 13:48:28.177494','$2a$10$FJ3095fmIqRMNPSd4OpouOWPmncVZUkyoulNg1/K5jhVFiJ/Znkfa' , '송71','사용자71','910309','imsen4@naver.com','01000000000',1,'10','https://eatablebucket.s3.ap-northeast-2.amazonaws.com/userdefault.png'),
(72,'user72','2024-02-29 13:48:28.177494','$2a$10$FJ3095fmIqRMNPSd4OpouOWPmncVZUkyoulNg1/K5jhVFiJ/Znkfa' , '송72','사용자72','910309','imsen4@naver.com','01000000000',1,'10','https://eatablebucket.s3.ap-northeast-2.amazonaws.com/userdefault.png'),
(73,'user73','2024-03-01 13:48:28.177494','$2a$10$FJ3095fmIqRMNPSd4OpouOWPmncVZUkyoulNg1/K5jhVFiJ/Znkfa' , '송73','사용자73','910309','imsen4@naver.com','01000000000',1,'10','https://eatablebucket.s3.ap-northeast-2.amazonaws.com/userdefault.png'),
(74,'user74','2024-03-01 13:48:28.177494','$2a$10$FJ3095fmIqRMNPSd4OpouOWPmncVZUkyoulNg1/K5jhVFiJ/Znkfa' , '송74','사용자74','910309','imsen4@naver.com','01000000000',1,'10','https://eatablebucket.s3.ap-northeast-2.amazonaws.com/userdefault.png'),
(75,'user75','2024-03-01 13:48:28.177494','$2a$10$FJ3095fmIqRMNPSd4OpouOWPmncVZUkyoulNg1/K5jhVFiJ/Znkfa' , '송75','사용자75','910309','imsen4@naver.com','01000000000',1,'10','https://eatablebucket.s3.ap-northeast-2.amazonaws.com/userdefault.png'),
(76,'user76','2024-03-01 13:48:28.177494','$2a$10$FJ3095fmIqRMNPSd4OpouOWPmncVZUkyoulNg1/K5jhVFiJ/Znkfa' , '송76','사용자76','910309','imsen4@naver.com','01000000000',1,'10','https://eatablebucket.s3.ap-northeast-2.amazonaws.com/userdefault.png'),
(77,'user77','2024-03-01 13:48:28.177494','$2a$10$FJ3095fmIqRMNPSd4OpouOWPmncVZUkyoulNg1/K5jhVFiJ/Znkfa' , '송77','사용자77','910309','imsen4@naver.com','01000000000',1,'10','https://eatablebucket.s3.ap-northeast-2.amazonaws.com/userdefault.png'),
(78,'user78','2024-03-01 13:48:28.177494','$2a$10$FJ3095fmIqRMNPSd4OpouOWPmncVZUkyoulNg1/K5jhVFiJ/Znkfa' , '송78','사용자78','910309','imsen4@naver.com','01000000000',1,'10','https://eatablebucket.s3.ap-northeast-2.amazonaws.com/userdefault.png'),
(79,'user79','2024-03-01 13:48:28.177494','$2a$10$FJ3095fmIqRMNPSd4OpouOWPmncVZUkyoulNg1/K5jhVFiJ/Znkfa' , '송79','사용자79','910309','imsen4@naver.com','01000000000',1,'10','https://eatablebucket.s3.ap-northeast-2.amazonaws.com/userdefault.png'),
(80,'user80','2024-03-01 13:48:28.177494','$2a$10$FJ3095fmIqRMNPSd4OpouOWPmncVZUkyoulNg1/K5jhVFiJ/Znkfa' , '송80','사용자80','910309','imsen4@naver.com','01000000000',1,'10','https://eatablebucket.s3.ap-northeast-2.amazonaws.com/userdefault.png'),
(81,'user81','2024-03-01 13:48:28.177494','$2a$10$FJ3095fmIqRMNPSd4OpouOWPmncVZUkyoulNg1/K5jhVFiJ/Znkfa' , '송81','사용자81','910309','imsen4@naver.com','01000000000',1,'10','https://eatablebucket.s3.ap-northeast-2.amazonaws.com/userdefault.png'),
(82,'user82','2024-03-01 13:48:28.177494','$2a$10$FJ3095fmIqRMNPSd4OpouOWPmncVZUkyoulNg1/K5jhVFiJ/Znkfa' , '송82','사용자82','910309','imsen4@naver.com','01000000000',1,'10','https://eatablebucket.s3.ap-northeast-2.amazonaws.com/userdefault.png'),
(83,'user83','2024-03-01 13:48:28.177494','$2a$10$FJ3095fmIqRMNPSd4OpouOWPmncVZUkyoulNg1/K5jhVFiJ/Znkfa' , '송83','사용자83','910309','imsen4@naver.com','01000000000',1,'10','https://eatablebucket.s3.ap-northeast-2.amazonaws.com/userdefault.png'),
(84,'user84','2024-03-01 13:48:28.177494','$2a$10$FJ3095fmIqRMNPSd4OpouOWPmncVZUkyoulNg1/K5jhVFiJ/Znkfa' , '송84','사용자84','910309','imsen4@naver.com','01000000000',1,'10','https://eatablebucket.s3.ap-northeast-2.amazonaws.com/userdefault.png'),
(85,'user85','2024-03-01 13:48:28.177494','$2a$10$FJ3095fmIqRMNPSd4OpouOWPmncVZUkyoulNg1/K5jhVFiJ/Znkfa' , '송85','사용자85','910309','imsen4@naver.com','01000000000',1,'10','https://eatablebucket.s3.ap-northeast-2.amazonaws.com/userdefault.png'),
(86,'user86','2024-03-01 13:48:28.177494','$2a$10$FJ3095fmIqRMNPSd4OpouOWPmncVZUkyoulNg1/K5jhVFiJ/Znkfa' , '송86','사용자86','910309','imsen4@naver.com','01000000000',1,'10','https://eatablebucket.s3.ap-northeast-2.amazonaws.com/userdefault.png'),
(87,'user87','2024-03-01 13:48:28.177494','$2a$10$FJ3095fmIqRMNPSd4OpouOWPmncVZUkyoulNg1/K5jhVFiJ/Znkfa' , '송87','사용자87','910309','imsen4@naver.com','01000000000',1,'10','https://eatablebucket.s3.ap-northeast-2.amazonaws.com/userdefault.png'),
(88,'user88','2024-03-01 13:48:28.177494','$2a$10$FJ3095fmIqRMNPSd4OpouOWPmncVZUkyoulNg1/K5jhVFiJ/Znkfa' , '송88','사용자88','910309','imsen4@naver.com','01000000000',1,'10','https://eatablebucket.s3.ap-northeast-2.amazonaws.com/userdefault.png'),
(89,'user89','2024-03-01 13:48:28.177494','$2a$10$FJ3095fmIqRMNPSd4OpouOWPmncVZUkyoulNg1/K5jhVFiJ/Znkfa' , '송89','사용자89','910309','imsen4@naver.com','01000000000',1,'10','https://eatablebucket.s3.ap-northeast-2.amazonaws.com/userdefault.png'),
(90,'user90','2024-03-01 13:48:28.177494','$2a$10$FJ3095fmIqRMNPSd4OpouOWPmncVZUkyoulNg1/K5jhVFiJ/Znkfa' , '송90','사용자90','910309','imsen4@naver.com','01000000000',1,'10','https://eatablebucket.s3.ap-northeast-2.amazonaws.com/userdefault.png'),
(91,'user91','2024-03-01 13:48:28.177494','$2a$10$FJ3095fmIqRMNPSd4OpouOWPmncVZUkyoulNg1/K5jhVFiJ/Znkfa' , '송91','사용자91','910309','imsen4@naver.com','01000000000',1,'10','https://eatablebucket.s3.ap-northeast-2.amazonaws.com/userdefault.png'),
(92,'user92','2024-03-01 13:48:28.177494','$2a$10$FJ3095fmIqRMNPSd4OpouOWPmncVZUkyoulNg1/K5jhVFiJ/Znkfa' , '송92','사용자92','910309','imsen4@naver.com','01000000000',1,'10','https://eatablebucket.s3.ap-northeast-2.amazonaws.com/userdefault.png'),
(93,'user93','2024-03-01 13:48:28.177494','$2a$10$FJ3095fmIqRMNPSd4OpouOWPmncVZUkyoulNg1/K5jhVFiJ/Znkfa' , '송93','사용자93','910309','imsen4@naver.com','01000000000',1,'10','https://eatablebucket.s3.ap-northeast-2.amazonaws.com/userdefault.png'),
(94,'user94','2024-03-01 13:48:28.177494','$2a$10$FJ3095fmIqRMNPSd4OpouOWPmncVZUkyoulNg1/K5jhVFiJ/Znkfa' , '송94','사용자94','910309','imsen4@naver.com','01000000000',1,'10','https://eatablebucket.s3.ap-northeast-2.amazonaws.com/userdefault.png'),
(95,'user95','2024-03-01 13:48:28.177494','$2a$10$FJ3095fmIqRMNPSd4OpouOWPmncVZUkyoulNg1/K5jhVFiJ/Znkfa' , '송95','사용자95','910309','imsen4@naver.com','01000000000',1,'10','https://eatablebucket.s3.ap-northeast-2.amazonaws.com/userdefault.png'),
(96,'user96','2024-03-01 13:48:28.177494','$2a$10$FJ3095fmIqRMNPSd4OpouOWPmncVZUkyoulNg1/K5jhVFiJ/Znkfa' , '송96','사용자96','910309','imsen4@naver.com','01000000000',1,'10','https://eatablebucket.s3.ap-northeast-2.amazonaws.com/userdefault.png'),
(97,'user97','2024-03-01 13:48:28.177494','$2a$10$FJ3095fmIqRMNPSd4OpouOWPmncVZUkyoulNg1/K5jhVFiJ/Znkfa' , '송97','사용자97','910309','imsen4@naver.com','01000000000',1,'10','https://eatablebucket.s3.ap-northeast-2.amazonaws.com/userdefault.png'),
(98,'user98','2024-03-01 13:48:28.177494','$2a$10$FJ3095fmIqRMNPSd4OpouOWPmncVZUkyoulNg1/K5jhVFiJ/Znkfa' , '송98','사용자98','910309','imsen4@naver.com','01000000000',1,'10','https://eatablebucket.s3.ap-northeast-2.amazonaws.com/userdefault.png'),
(99,'user99','2024-03-01 13:48:28.177494','$2a$10$FJ3095fmIqRMNPSd4OpouOWPmncVZUkyoulNg1/K5jhVFiJ/Znkfa' , '송99','사용자99','910309','imsen4@naver.com','01000000000',1,'10','https://eatablebucket.s3.ap-northeast-2.amazonaws.com/userdefault.png'),
(100,'user100','2024-03-01 13:48:28.177494','$2a$10$FJ3095fmIqRMNPSd4OpouOWPmncVZUkyoulNg1/K5jhVFiJ/Znkfa' , '송100','사용자100','910309','imsen4@naver.com','01000000000',1,'10','https://eatablebucket.s3.ap-northeast-2.amazonaws.com/userdefault.png'),
(101,'admin','2024-02-23 13:48:28.177494','$2a$10$FJ3095fmIqRMNPSd4OpouOWPmncVZUkyoulNg1/K5jhVFiJ/Znkfa' , '관리자','관리자','910309','imsen4@naver.com','01000000000',1,'10','https://eatablebucket.s3.ap-northeast-2.amazonaws.com/userdefault.png');






# ------- 권한 ------------------------------------------
insert into userrole (id, roleId, userId) VALUES
        (1, 1, 1),
        (2, 1, 2),
        (3, 1, 3),
        (4, 1, 4),
        (5, 1, 5),
        (6, 1, 6),
        (7, 1, 7),
        (8, 1, 8),
        (9, 1, 9),
        (10, 1, 10),
        (11, 1, 11),
        (12, 1, 12),
        (13, 1, 13),
        (14, 1, 14),
        (15, 1, 15),
        (16, 1, 16),
        (17, 1, 17),
        (18, 1, 18),
        (19, 1, 19),
        (20, 1, 20),
        (21, 1, 21),
        (22, 1, 22),
        (23, 1, 23),
        (24, 1, 24),
        (25, 1, 25),
        (26, 1, 26),
        (27, 1, 27),
        (28, 1, 28),
        (29, 1, 29),
        (30, 1, 30),
        (31, 1, 31),
        (32, 1, 32),
        (33, 1, 33),
        (34, 1, 34),
        (35, 1, 35),
        (36, 1, 36),
        (37, 1, 37),
        (38, 1, 38),
        (39, 1, 39),
        (40, 1, 40),
        (41, 1, 41),
        (42, 1, 42),
        (43, 1, 43),
        (44, 1, 44),
        (45, 1, 45),
        (46, 1, 46),
        (47, 1, 47),
        (48, 1, 48),
        (49, 1, 49),
        (50, 1, 50),
        (51, 1, 51),
        (52, 1, 52),
        (53, 1, 53),
        (54, 1, 54),
        (55, 1, 55),
        (56, 1, 56),
        (57, 1, 57),
        (58, 1, 58),
        (59, 1, 59),
        (60, 1, 60),
        (61, 1, 61),
        (62, 1, 62),
        (63, 1, 63),
        (64, 1, 64),
        (65, 1, 65),
        (66, 1, 66),
        (67, 1, 67),
        (68, 1, 68),
        (69, 1, 69),
        (70, 1, 70),
        (71, 1, 71),
        (72, 1, 72),
        (73, 1, 73),
        (74, 1, 74),
        (75, 1, 75),
        (76, 1, 76),
        (77, 1, 77),
        (78, 1, 78),
        (79, 1, 79),
        (80, 1, 80),
        (81, 1, 81),
        (82, 1, 82),
        (83, 1, 83),
        (84, 1, 84),
        (85, 1, 85),
        (86, 1, 86),
        (87, 1, 87),
        (88, 1, 88),
        (89, 1, 89),
        (91, 1, 91),
        (92, 1, 92),
        (93, 1, 93),
        (94, 1, 94),
        (95, 1, 95),
        (96, 1, 96),
        (97, 1, 97),
        (98, 1, 98),
        (99, 1, 99),
        (100, 1, 100),
        (101, 1, 101),
        (101, 3, 101),
        (1, 2, 1),
        (2, 2, 2),
        (3, 2, 3),
        (4, 2, 4),
        (5, 2, 5),
        (6, 2, 6),
        (7, 2, 7),
        (8, 2, 8),
        (9, 2, 9),
        (10, 2, 10),
        (11, 2, 11),
        (12, 2, 12),
        (13, 2, 13),
        (14, 2, 14),
        (15, 2, 15),
        (16, 2, 16),
        (17, 2, 17),
        (18, 2, 18),
        (19, 2, 19),
        (20, 2, 20),
        (21, 2, 21),
        (22, 2, 22),
        (23, 2, 23),
        (24, 2, 24),
        (25, 2, 25),
        (26, 2, 26),
        (27, 2, 27),
        (28, 2, 28),
        (29, 2, 29),
        (30, 2, 30),
        (31, 2, 31),
        (32, 2, 32),
        (33, 2, 33),
        (34, 2, 34),
        (35, 2, 35),
        (36, 2, 36),
        (37, 2, 37),
        (38, 2, 38),
        (39, 2, 39),
        (40, 2, 40),
        (41, 2, 41),
        (42, 2, 42),
        (43, 2, 43),
        (44, 2, 44),
        (45, 2, 45),
        (46, 2, 46),
        (47, 2, 47),
        (48, 2, 48),
        (49, 2, 49),
        (50, 2, 50),
        (51, 2, 51),
        (52, 2, 52),
        (53, 2, 53),
        (54, 2, 54),
        (55, 2, 55),
        (56, 2, 56),
        (57, 2, 57),
        (58, 2, 58),
        (59, 2, 59),
        (60, 2, 60),
        (61, 2, 61),
        (62, 2, 62),
        (63, 2, 63),
        (64, 2, 64),
        (65, 2, 65),
        (66, 2, 66),
        (67, 2, 67),
        (68, 2, 68),
        (69, 2, 69),
        (70, 2, 70),
        (71, 2, 71),
        (72, 2, 72),
        (73, 2, 73),
        (74, 2, 74),
        (75, 2, 75),
        (76, 2, 76),
        (77, 2, 77),
        (78, 2, 78),
        (79, 2, 79),
        (80, 2, 80),
        (81, 2, 81),
        (82, 2, 82),
        (83, 2, 83),
        (84, 2, 84),
        (85, 2, 85),
        (86, 2, 86),
        (87, 2, 87),
        (88, 2, 88),
        (89, 2, 89),
        (91, 2, 91),
        (92, 2, 92),
        (93, 2, 93),
        (94, 2, 94),
        (95, 2, 95),
        (96, 2, 96),
        (97, 2, 97),
        (98, 2, 98),
        (99, 2, 99),
        (100,2, 100);




#----------------------- 승빈 ----------------------------------------------
insert into partnerreq(id,managerName,storeName,phone,partnerReqState,createdAt,userId) values
(6,'이름6','가게6','010-1111-1111','OPEN_READY','2024-02-13 13:48:28.177494',1),
(7,'이름7','가게7','010-1111-2222','OPEN_READY','2024-02-13 13:48:28.177494',2),
(8,'이름8','가게8','010-1111-3333','OPEN_READY','2024-02-13 13:48:28.177494',3),
(9,'이름9','가게9','010-1111-4444','OPEN_READY','2024-02-13 13:48:28.177494',4),
(10,'이름10','가게10','010-1111-5555','OPEN_READY','2024-02-13 13:48:28.177494',5),
(11,'이름11','가게11','010-1111-6666','OPEN_READY','2024-02-13 13:48:28.177494',6),
(12,'이름12','가게12','010-1111-7777','OPEN_READY','2024-02-13 13:48:28.177494',7),
(13,'이름13','가게13','010-1111-8888','OPEN_READY','2024-02-13 13:48:28.177494',8),
(14,'이름14','가게14','010-1111-9999','OPEN_READY','2024-02-13 13:48:28.177494',9),
(15,'이름15','가게15','010-1111-1010','OPEN_READY','2024-02-13 13:48:28.177494',10),
(16,'이름16','가게16','010-1111-1212','CLOSE_READY','2024-02-13 13:48:28.177494',11),
(17,'이름17','가게17','010-1111-1313','CLOSE_READY','2024-02-13 13:48:28.177494',12),
(18,'이름18','가게18','010-1111-1414','CLOSE_READY','2024-02-13 13:48:28.177494',13),
(19,'이름19','가게19','010-1111-1515','CLOSE_READY','2024-02-13 13:48:28.177494',14),
(20,'이름20','가게20','010-1111-1616','CLOSE_READY','2024-02-13 13:48:28.177494',15),
(21,'이름21','가게21','010-1111-1717','CLOSE_READY','2024-02-13 13:48:28.177494',16),
(22,'이름22','가게22','010-1111-1818','CLOSE_READY','2024-02-13 13:48:28.177494',17),
(23,'이름23','가게23','010-1111-1919','CLOSE_READY','2024-02-13 13:48:28.177494',18),
(24,'이름24','가게24','010-1111-2020','CLOSE_READY','2024-02-13 13:48:28.177494',19),
(25,'이름25','가게25','010-1111-2121','CLOSE_READY','2024-02-13 13:48:28.177494',20);




#--------업체--------------------------------------------

insert into partner (createdAt, updatedAt, area,district,lat, lng, zipCode, corkCharge, dog, favorite, openTime, parking, partnerName, partnerPhone, partnerState, reserveInfo, storeInfo, storeName, storePhone, tableCnt, viewCnt, userId) VALUES

('2024-02-26 13:48:28.177494','2024-02-12 13:48:28.177494','서울특별시 강남역사거리','강남구','37.4979052','127.0275777','12312',2,2,'한식,퓨전,돈까스','평일 11:30 ~ 21:00 브레이크타임 15:00 ~ 17:00 라스트오더 20:30(재료소진 시 조기마감)',1,'송송','11111111111','TRUE','웨이팅시 연락안되면 취소될수있습니다.','육즙이 살아있는 두툼한 일본식 돈카츠','크레이지카츠','11111111','20','102',1),
('2024-02-26 13:48:28.177494','2024-02-12 13:48:28.177494','서울특별시 서초역사거리','서초구','37.4917945','127.0076354','12312',2,2,'한식','24시',1,'송송','11111111111','TRUE','웨이팅시 연락안되면 취소될수있습니다.''','가게정보1','서초김밥','11111111','20','10',2),
('2024-02-26 13:48:28.177494','2024-02-12 13:48:28.177494','서울특별시 서초구 방배동','서초구','37.4794939','126.9931207','12312',2,2,'한식','24시',2,'송송','11111111111','TRUE','웨이팅시 연락안되면 취소될수있습니다.''','가게정보2','방배김밥','11111111','20','12',3),
('2024-02-26 13:48:28.177494','2024-02-13 13:48:28.177494','서울특별시 강남구 역삼동','강남구','37.5000776','127.0385419','12312',2,2,'한식','24시',1,'송송','11111111111','TRUE','웨이팅시 연락안되면 취소될수있습니다.''','가게정보3','역삼김밥','11111111','20','20',4),
('2024-02-26 13:48:28.177494','2024-02-13 13:48:28.177494','서울특별시 사당사거리','사당구','37.4765181','126.9816384','12312',2,2,'한식','24시',2,'송송','11111111111','TRUE','웨이팅시 연락안되면 취소될수있습니다.''','가게정보4','사당김밥','11111111','20','50',5),
('2024-02-26 13:48:28.177494','2024-02-14 13:48:28.177494','서울특별시 신도림사거리','신도림구','37.510179','126.8903686','12312',2,1,'한식','24시',1,'송송','11111111111','TRUE','웨이팅시 연락안되면 취소될수있습니다.''','가게정보5','신도림김밥','11111111','20','1000',6),
('2024-02-26 13:48:28.177494','2024-02-14 13:48:28.177494','서울특별시 신림사거리','신림구','37.4631968','126.9358124','12312',2,1,'한식','24시',1,'송송','11111111111','TRUE','웨이팅시 연락안되면 취소될수있습니다.''','가게정보6','신림김밥','11111111','20','2000',7),
('2024-02-26 13:48:28.177494','2024-02-15 13:48:28.177494','서울특별시 봉천사거리','봉천구','37.4779671','126.9534883','12312',2,2,'치킨','24시',1,'송송','11111111111','TRUE','웨이팅시 연락안되면 취소될수있습니다.''','가게정보7','봉천김밥','11111111','20','150',8),
('2024-02-26 13:48:28.177494','2024-02-15 13:48:28.177494','서울특별시 압구정사거리','압구정구','37.5271478','127.0334517','12312',1,2,'치킨','24시',2,'송송','11111111111','TRUE','웨이팅시 연락안되면 취소될수있습니다.''','가게정보8','압구정김밥','11111111','20','5',9),
('2024-02-26 13:48:28.177494','2024-02-15 13:48:28.177494','서울특별시 종로사거리','종로구','37.5949159','126.977339','12312',2,1,'한식','24시',2,'송송','11111111111','TRUE','웨이팅시 연락안되면 취소될수있습니다.''','가게정보9','종로김밥','11111111','20','9',10),
('2024-02-26 13:48:28.177494','2024-02-15 13:48:28.177494','서울특별시 용산사거리','용산구','37.5313805','126.9798839','12312',1,1,'한식','24시',2,'송송','11111111111','TRUE','웨이팅시 연락안되면 취소될수있습니다.''','가게정보10','용산김밥','11111111','20','10',11),
('2024-02-26 13:48:28.177494','2024-02-15 13:48:28.177494','서울특별시 동서울사거리','동서울구','37.534385','127.094045','12312',2,2,'한식','24시',2,'송송','11111111111','TRUE','웨이팅시 연락안되면 취소될수있습니다.''','가게정보11','동서울김밥','11111111','20','30',12),
('2024-02-26 13:48:28.177494','2024-02-16 13:48:28.177494','서울특별시 잠실사거리','잠실구','37.5067945','127.0830482','12312',1,2,'한식','24시',2,'송송','11111111111','TRUE','웨이팅시 연락안되면 취소될수있습니다.''','가게정보12','잠실김밥','11111111','20','12',13),
('2024-02-26 13:48:28.177494','2024-02-17 13:48:28.177494','서울특별시 건대사거리','건대구','37.5399286','127.0706001','12312',2,2,'한식','24시',2,'송송','11111111111','TRUE','웨이팅시 연락안되면 취소될수있습니다.''','가게정보13','건대김밥','11111111','20','40',14),
('2024-02-26 13:48:28.177494','2024-02-17 13:48:28.177494','서울특별시 홍대사거리','홍대구','37.5551463','126.9215309','12312',2,2,'한식','24시',2,'송송','11111111111','TRUE','웨이팅시 연락안되면 취소될수있습니다.''','가게정보14','홍대김밥','11111111','20','70',15),
('2024-02-27 13:48:28.177494','2024-02-17 13:48:28.177494','서울특별시 성북사거리','성북구','37.6056991','127.0175664','12312',2,1,'한식','24시',1,'송송','11111111111','TRUE','웨이팅시 연락안되면 취소될수있습니다.''','가게정보15','성북김밥','11111111','20','40',16),
('2024-02-27 13:48:28.177494','2024-02-17 13:48:28.177494','서울특별시 불광사거리','불광구','37.6191594','126.9355669','12312',2,2,'한식','24시',2,'송송','11111111111','TRUE','웨이팅시 연락안되면 취소될수있습니다.''','가게정보16','불광김밥','11111111','20','35',17),
('2024-02-27 13:48:28.177494','2024-02-18 13:48:28.177494','서울특별시 독립문사거리','독립문구','37.5718671','126.9566937','12312',2,2,'한식','24시',2,'송송','11111111111','TRUE','웨이팅시 연락안되면 취소될수있습니다.''','가게정보17','독립문김밥','11111111','20','50',18),
('2024-02-27 13:48:28.177494','2024-02-18 13:48:28.177494','서울특별시 연신내사거리','연신내구','37.6188607','126.9213347','12312',2,1,'한식','24시',2,'송송','11111111111','TRUE','웨이팅시 연락안되면 취소될수있습니다.''','가게정보18','연신내김밥','11111111','20','70',19),
('2024-02-27 13:48:28.177494','2024-02-18 13:48:28.177494','서울특별시 목동사거리','목동구','37.5360367','126.8745334','12312',1,2,'한식','24시',2,'송송','11111111111','TRUE','웨이팅시 연락안되면 취소될수있습니다.''','가게정보19','목동김밥','11111111','20','65',20),
('2024-02-27 13:48:28.177494','2024-02-18 13:48:28.177494','서울특별시 마포구','마포구','37.55065','126.9201','12312',1,2,'버거','24시',1,'송송','11111111111','TRUE','웨이팅시 연락안되면 취소될수있습니다.''','가게정보20','목동김밥','11111111','20','65',21),
('2024-02-27 13:48:28.177494','2024-02-18 13:48:28.177494','서울특별시 용산구 ','용산구','37.53516','127.0009','12312',1,2,'버거','24시',2,'송송','11111111111','TRUE','웨이팅시 연락안되면 취소될수있습니다.''','가게정보21','더페이머스버거','11111111','20','68',22),
('2024-02-27 13:48:28.177494','2024-02-18 13:48:28.177494','서울특별시 영등포구','영등포구','37.5360367','126.9287','12312',2,1,'버거','24시',2,'송송','11111111111','TRUE','웨이팅시 연락안되면 취소될수있습니다.''','가게정보22','다운타우너 한남점','11111111','20','70',23),
('2024-02-27 13:48:28.177494','2024-02-18 13:48:28.177494','서울특별시 중구','중구','37.55930','126.9749','12312',1,1,'버거','24시',1,'송송','11111111111','TRUE','웨이팅시 연락안되면 취소될수있습니다.''','가게정보23','폴트버거 더현대서울','11111111','20','16',24),
('2024-02-27 13:48:28.177494','2024-02-18 13:48:28.177494','서울특별시 서초구','서초구','37.48829','127.0103','12312',1,1,'버거','24시',1,'송송','11111111111','TRUE','웨이팅시 연락안되면 취소될수있습니다.''','가게정보24','버거운녀석들 남대문점','11111111','20','26',25),
('2024-02-28 13:48:28.177494','2024-02-18 13:48:28.177494','서울특별시 용산구','용산구','37.54406','126.9874','12312',2,2,'버거','24시',2,'송송','11111111111','TRUE','웨이팅시 연락안되면 취소될수있습니다.''','가게정보25','노스트레스버거','11111111','20','26',26),
('2024-02-28 13:48:28.177494','2024-02-18 13:48:28.177494','서울특별시 종로구','종로구','37.57578','126.9705','12312',2,1,'버거','24시',2,'송송','11111111111','TRUE','웨이팅시 연락안되면 취소될수있습니다.''','가게정보26','버거드조선','11111111','20','29',27),
('2024-02-28 13:48:28.177494','2024-02-18 13:48:28.177494','서울특별시 강남구','강남구','37.52436','127.0396','12312',1,2,'버거','24시',1,'송송','11111111111','TRUE','웨이팅시 연락안되면 취소될수있습니다.''','가게정보27','다운타우너 청담점','11111111','20','56',28),
('2024-02-28 13:48:28.177494','2024-02-18 13:48:28.177494','서울특별시 서초구','서초구','37.49648','127.0003','12312',1,2,'버거','24시',2,'송송','11111111111','TRUE','웨이팅시 연락안되면 취소될수있습니다.''','가게정보28','브루클린더버거조인트 서래본점','11111111','20','44',29),
('2024-02-29 13:48:28.177494','2024-02-18 13:48:28.177494','서울특별시 종로구','종로구','37.57772','126.9867','12312',2,2,'버거','24시',1,'송송','11111111111','TRUE','웨이팅시 연락안되면 취소될수있습니다.''','가게정보29','다운타우너 안국점','11111111','20','45',30),
('2024-02-27 14:30:18.177494', '2024-02-27 14:30:18.177494', '서울특별시 종로구', '종로구', '37.572752', '126.976048', '04508', 1, 2, '돈까스', '매일 12:00 ~ 22:00', 2, '더 브라운', '010-1234-5678', 'TRUE', '예약은 전화로 가능합니다.', '고급스러운 스테이크와 와인', 'The Brown Steakhouse', '02-9876-5432', '15', '88', 31),
('2024-02-27 10:15:43.177494', '2024-02-27 10:15:43.177494', '서울특별시 강서구', '강서구', '37.565289', '126.822556', '07505',1,2, '고기.구이', '매일 11:00 ~ 21:00',2, '해물마루', '051-9876-5432', 'TRUE', '예약은 홈페이지에서 가능합니다.', '신선한 해산물과 맛있는 해물요리', '해물마루', '051-1234-5678', '25', '120', 32),
('2024-02-26 09:45:22.177494', '2024-02-26 09:45:22.177494', '서울특별시 송파구', '송파구', '37.509336', '127.098288', '05836', 1, 2, '피자', '매일 10:00 ~ 20:00', 1, '마음소리', '053-7777-7777', 'TRUE', '웨이팅시 대기 순서가 변경될 수 있습니다.', '정갈한 한식 요리와 깔끔한 김치찌개', '마음소리', '053-9999-9999', '18', '75', 33),
('2024-02-27 11:20:55.177494', '2024-02-27 11:20:55.177494', '서울특별시 중랑구', '중랑구', '37.606832', '127.092403', '02270', 2, 2, '찜.탕.찌개', '매일 11:30 ~ 22:00', 2, '소문난 초밥집', '032-3333-3333', 'TRUE', '예약은 전화로 가능합니다.', '신선한 재료로 만든 다채로운 초밥 메뉴', '소문난 초밥집', '032-5555-5555', '22', '98', 34),
('2024-02-26 13:48:28.177494', '2024-02-26 13:48:28.177494', '서울특별시 서초구', '서초구', '37.483873', '127.032248', '06504', 2, 2, '양식', '평일 11:00 ~ 22:00 주말 11:00 ~ 23:00', 'TRUE', '미스터스테이크', '010-1234-5678', 'TRUE', '예약은 전화로 가능합니다.', '정통 스테이크와 와인', '미스터스테이크', '02-9876-5432', '30', '120', 35),
('2024-02-27 14:30:18.177494', '2024-02-27 14:30:18.177494', '서울특별시 마포구', '마포구', '37.553620', '126.910597', '04001', 2, 2, '중식', '매일 11:30 ~ 22:00', 2, '중국집', '010-2345-6789', 'TRUE', '예약은 전화로 가능합니다.', '정통 중식 요리와 짬뽕', '중국집', '02-8765-4321', '25', '90', 36),
('2024-02-27 10:15:43.177494', '2024-02-27 10:15:43.177494', '서울특별시 강북구', '강북구', '37.638022', '127.027567', '01001', 2, 2, '치킨', '매일 17:00 ~ 02:00', 1, '크리스피', '010-3456-7890', 'TRUE', '현금 결제만 가능합니다.', '바삭한 치킨과 맥주', '크리스피', '02-7654-3210', '20', '80', 37),
('2024-02-26 09:45:22.177494', '2024-02-26 09:45:22.177494', '서울특별시 강동구', '강동구', '37.545982', '127.136640', '05421', 2, 2, '분식', '매일 10:00 ~ 22:00', 1, '분식마루', '010-4567-8901', 'TRUE', '예약 불가', '신선한 재료로 만든 다양한 분식 메뉴', '분식마루', '02-6543-2109', '15', '70', 38),
('2024-02-27 11:20:55.177494', '2024-02-27 11:20:55.177494', '서울특별시 송파구', '송파구', '37.511171', '127.107759', '05538', 2, 2, '한식', '매일 11:00 ~ 21:00', 2, '한우마을', '010-5678-9012', 'TRUE', '예약은 전화로 가능합니다.', '신선한 한우와 한정식', '한우마을', '02-5432-1098', '35', '150', 39),
('2024-02-26 13:48:28.177494', '2024-02-26 13:48:28.177494', '서울특별시 강서구', '강서구', '37.556121', '126.840061', '07505', 2, 2, '아시안', '평일 12:00 ~ 22:00 주말 12:00 ~ 23:00', 'TRUE', '마마야', '010-6789-0123', 'TRUE', '온라인 예약 가능합니다.', '다양한 아시안 요리와 칵테일', '마마야', '02-4321-0987', '40', '180', 40),
('2024-02-27 14:30:18.177494', '2024-02-27 14:30:18.177494', '서울특별시 강남구', '강남구', '37.517236', '127.047325', '06018', 2, 2, '피자', '매일 11:00 ~ 23:00', 1, '피자헤븐', '010-7890-1234', 'TRUE', '웨이팅 시간이 발생할 수 있습니다.', '신선한 재료로 만든 다양한 피자', '피자헤븐', '02-3210-9876', '28', '120', 41),
('2024-02-27 10:15:43.177494', '2024-02-27 10:15:43.177494', '서울특별시 관악구', '관악구', '37.479390', '126.952680', '08826', 1, 1, '양식', '매일 11:30 ~ 22:00', 2, '청춘플레이트', '010-8901-2345', 'TRUE', '온라인 예약 가능합니다.', '모던한 분위기의 양식 레스토랑', '청춘플레이트', '02-2109-8765', '32', '140', 42),
('2024-02-26 09:45:22.177494', '2024-02-26 09:45:22.177494', '서울특별시 영등포구', '영등포구', '37.518693', '126.903762', '07305', 2, 1, '한식', '매일 10:30 ~ 22:00', 2, '소반', '010-9012-3456', 'TRUE', '예약은 전화로 가능합니다.', '전통적인 한식 요리와 정갈한 반상', '소반', '02-1098-7654', '18', '80', 43),
('2024-02-27 11:20:55.177494', '2024-02-27 11:20:55.177494', '서울특별시 중구', '중구', '37.563211', '126.982872', '04526', 2, 2, '일식', '매일 12:00 ~ 21:30', 2, '초밥이야기', '010-1234-5678', 'TRUE', '예약은 전화로 가능합니다.', '신선한 재료로 만든 초밥과 일본 요리', '초밥 이야기', '02-9876-5432', '20', '100', 44),
('2024-02-26 13:48:28.177494', '2024-02-26 13:48:28.177494', '서울특별시 동대문구', '동대문구', '37.571190', '127.037792', '02551', 2, 2, '버거', '매일 11:00 ~ 22:00', 2, '버거킹', '010-1234-5678', 'TRUE', '온라인 주문 가능합니다.', '다양한 버거와 감자튀김', '버거킹', '02-9876-5432', '25', '110', 45),
('2024-02-27 14:30:18.177494', '2024-02-27 14:30:18.177494', '서울특별시 강북구', '강북구', '37.647929', '127.016610', '01694', 2, 2, '치킨', '매일 12:00 ~ 24:00', 2, '굽네치킨', '010-2345-6789', 'TRUE', '온라인 주문 가능합니다.', '매콤한 치킨과 사이드 메뉴', '굽네 치킨', '02-8765-4321', '30', '120', 46),
('2024-02-27 10:15:43.177494', '2024-02-27 10:15:43.177494', '서울특별시 동작구', '동작구', '37.498255', '126.939179', '06989', 2, 2, '분식', '매일 11:30 ~ 21:30', 2, '김밥천국', '010-3456-7890', 'TRUE', '온라인 주문 가능합니다.', '다양한 김밥과 분식 메뉴', '김밥천국', '02-7654-3210', '20', '90', 47),
('2024-02-26 09:45:22.177494', '2024-02-26 09:45:22.177494', '서울특별시 성북구', '성북구', '37.591463', '127.017130', '02876', 2, 2, '아시안', '평일 11:30 ~ 22:00 주말 11:30 ~ 23:00', 1, '바나나트리', '010-4567-8901', 'TRUE', '온라인 주문 가능합니다.', '다채로운 아시안 요리와 음료', '바나나트리', '02-6543-2109', '35', '130', 48),
('2024-02-27 11:20:55.177494', '2024-02-27 11:20:55.177494', '서울특별시 강남구', '강남구', '37.507388', '127.025586', '06011', 2, 2, '피자', '매일 11:00 ~ 22:00', 2, '도미노피자', '010-5678-9012', 'TRUE', '온라인 주문 가능합니다.', '신선한 재료로 만든 다양한 피자', '도미노피자', '02-1098-7654', '28', '100', 49),
('2024-02-26 13:48:28.177494', '2024-02-26 13:48:28.177494', '서울특별시 관악구', '관악구', '37.480368', '126.951555', '08856', 2, 1, '중식', '매일 11:30 ~ 22:00', 2, '차이나타운', '010-9012-3456', 'TRUE', '예약은 전화로 가능합니다.', '정통 중식 요리와 딤섬', '차이나타운', '02-2109-8765', '22', '85', 50),
('2024-02-27 14:30:18.177494', '2024-02-27 14:30:18.177494', '서울특별시 송파구', '송파구', '37.497986', '127.147365', '05857', 2, 2, '일식', '매일 12:00 ~ 22:00', 2, '스시마루', '010-1234-5678', 'TRUE', '온라인 주문 가능합니다.', '신선한 회와 일본 요리', '스시마루', '02-9876-5432', '18', '80', 51),
('2024-02-27 10:15:43.177494', '2024-02-27 10:15:43.177494', '서울특별시 강동구', '강동구', '37.553288', '127.136201', '05273', 2, 2, '한식', '매일 11:30 ~ 21:30', 2, '춘천닭갈비', '010-2345-6789', 'TRUE', '예약은 전화로 가능합니다.', '담백한 닭갈비와 반찬', '춘천닭갈비', '02-8765-4321', '24', '95', 52),
('2024-02-26 09:45:22.177494', '2024-02-26 09:45:22.177494', '서울특별시 강서구', '강서구', '37.555452', '126.848373', '07638', 2, 2, '양식', '매일 11:30 ~ 22:30', 2, '가득한 식탁', '010-3456-7890', 'TRUE', '온라인 주문 가능합니다.', '다양한 양식과 음료', '가득한 식탁', '02-7654-3210', '28', '110', 53),
('2024-02-27 11:20:55.177494', '2024-02-27 11:20:55.177494', '서울특별시 중랑구', '중랑구', '37.601867', '127.079101', '02245', 2, 2, '치킨', '매일 11:30 ~ 23:00', 2, 'BBQ치킨', '010-5678-9012', 'TRUE', '온라인 주문 가능합니다.', '매콤한 치킨과 사이드 메뉴', 'BBQ 치킨', '02-1098-7654', '32', '125', 54),
('2024-02-26 13:48:28.177494', '2024-02-12 13:48:28.177494', '서울특별시 성동구', '성동구', '37.563236', '127.036772', '04710', 2, 2, '족발.보쌈', '매일 11:00 ~ 22:00', 1, '주막', '010-1234-5678', 'TRUE', '예약 가능합니다.', '고급스러운 한식 요리와 술', '주막', '02-9876-5432', '30', '100', 55),
('2024-02-27 11:20:55.177494', '2024-02-27 11:20:55.177494', '서울특별시 광진구', '광진구', '37.548144', '127.085065', '05044', 2, 2, '고기.구이', '매일 12:00 ~ 23:00', 1, '불판', '010-2345-6789', 'TRUE', '예약은 전화로 가능합니다.', '신선한 고기와 구이요리', '불판', '02-8765-4321', '25', '90', 56),
('2024-02-28 09:30:10.177494', '2024-02-28 09:30:10.177494', '서울특별시 동대문구', '동대문구', '37.575305', '127.025601', '02515', 2, 2, '찜.탕.찌개', '매일 10:00 ~ 22:00', 1, '가마솥', '010-3456-7890', 'TRUE', '온라인 예약 가능합니다.', '각종 찜, 탕, 찌개 메뉴', '가마솥', '02-5432-1098', '20', '80', 57),
('2024-02-29 14:15:35.177494', '2024-02-29 14:15:35.177494', '서울특별시 노원구', '노원구', '37.654201', '127.056794', '01686', 2, 2, '족발.보쌈', '매일 17:00 ~ 02:00', 1, '보쌈마을', '010-4567-8901', 'TRUE', '예약 가능합니다.', '신선한 족발과 보쌈', '보쌈마을', '02-7654-3210', '28', '110', 58),
('2024-03-01 10:45:22.177494', '2024-03-01 10:45:22.177494', '서울특별시 은평구', '은평구', '37.602642', '126.929419', '03347', 2, 2, '고기.구이', '매일 11:30 ~ 23:00', 1, '그릴하우스', '010-5678-9012', 'TRUE', '예약 가능합니다.', '신선한 고기와 그릴 요리', '그릴하우스', '02-1098-7654', '32', '120', 59),
('2024-03-02 09:20:18.177494', '2024-03-02 09:20:18.177494', '서울특별시 서대문구', '서대문구', '37.564362', '126.948990', '03780', 2, 2, '찜.탕.찌개', '매일 11:00 ~ 22:00', 1, '찜탕집', '010-9012-3456', 'TRUE', '온라인 주문 가능합니다.', '정통 찜, 탕, 찌개 메뉴', '찜탕집', '02-2109-8765', '25', '95', 60),
('2024-03-03 13:10:55.177494', '2024-03-03 13:10:55.177494', '서울특별시 양천구', '양천구', '37.528044', '126.863894', '08005', 2, 2, '족발.보쌈', '매일 12:00 ~ 24:00', 1, '족발나라', '010-2345-6789', 'TRUE', '온라인 주문 가능합니다.', '촉촉한 족발과 보쌈', '족발나라', '02-8765-4321', '30', '100', 61),
('2024-03-04 11:30:40.177494', '2024-03-04 11:30:40.177494', '서울특별시 구로구', '구로구', '37.494744', '126.886081', '08390', 2, 2, '고기.구이', '매일 11:00 ~ 22:00', 1, '불나방', '010-3456-7890', 'TRUE', '예약 가능합니다.', '신선한 고기와 그릴 요리', '불나방', '02-5432-1098', '28', '105', 62),
('2024-03-05 14:40:15.177494', '2024-03-05 14:40:15.177494', '서울특별시 금천구', '금천구', '37.475374', '126.895772', '08629', 2, 2, '찜.탕.찌개', '매일 11:30 ~ 22:30', 1, '찜탕네', '010-4567-8901', 'TRUE', '예약은 전화로 가능합니다.', '푸짐한 찜, 탕, 찌개 메뉴', '찜탕네', '02-7654-3210', '32', '115', 63),
('2024-03-06 09:50:28.177494', '2024-03-06 09:50:28.177494', '서울특별시 동작구', '동작구', '37.502474', '126.948294', '07001', 2, 2, '족발.보쌈', '매일 11:00 ~ 22:00', 1, '보쌈명가', '010-5678-9012', 'TRUE', '예약 가능합니다.', '신선한 족발과 보쌈', '보쌈명가', '02-1098-7654', '30', '110', 64),
('2024-03-07 11:20:55.177494', '2024-03-07 11:20:55.177494', '서울특별시 강동구', '강동구', '37.556906', '127.140999', '05399', 2, 2, '고기.구이', '매일 12:00 ~ 23:00', 1, '불맛집', '010-1234-5678', 'TRUE', '예약은 전화로 가능합니다.', '신선한 고기와 구이요리', '불맛집', '02-9876-5432', '25', '95', 65),
('2024-03-08 14:30:18.177494', '2024-03-08 14:30:18.177494', '서울특별시 성북구', '성북구', '37.589681', '127.016221', '02897', 2, 2, '찜.탕.찌개', '매일 10:30 ~ 22:30', 1, '찜닭', '010-2345-6789', 'TRUE', '온라인 주문 가능합니다.', '다양한 찜, 탕, 찌개 메뉴', '찜닭', '02-8765-4321', '22', '90', 66),
('2024-03-09 10:15:43.177494', '2024-03-09 10:15:43.177494', '서울특별시 강서구', '강서구', '37.564782', '126.822222', '07507', 2, 2, '족발.보쌈', '매일 11:30 ~ 23:00', 1, '족발남', '010-3456-7890', 'TRUE', '예약 가능합니다.', '신선한 족발과 보쌈', '족발남', '02-5432-1098', '28', '100', 67),
('2024-03-10 09:45:22.177494', '2024-03-10 09:45:22.177494', '서울특별시 중랑구', '중랑구', '37.593554', '127.073784', '02245', 2, 2, '고기.구이', '매일 11:30 ~ 22:30', 1, '불가마', '010-4567-8901', 'TRUE', '예약은 전화로 가능합니다.', '신선한 고기와 구이요리', '불가마', '02-7654-3210', '24', '95', 68),
('2024-03-11 11:20:55.177494', '2024-03-11 11:20:55.177494', '서울특별시 강남구', '강남구', '37.517239', '127.043160', '06062', 2, 2, '족발.보쌈', '매일 11:00 ~ 23:00', 1, '보쌈마루', '010-5678-9012', 'TRUE', '온라인 주문 가능합니다.', '신선한 족발과 보쌈', '보쌈마루', '02-1098-7654', '30', '110', 69),
('2024-03-12 09:50:28.177494', '2024-03-12 09:50:28.177494', '서울특별시 송파구', '송파구', '37.494279', '127.137875', '05518', 2, 2, '족발.보쌈', '매일 11:00 ~ 22:30', 1, '족발센터', '010-5678-9012', 'TRUE', '예약 가능합니다.', '신선한 족발과 보쌈', '족발센터', '02-1098-7654', '28', '100', 70),
('2024-03-13 11:20:55.177494', '2024-03-13 11:20:55.177494', '서울특별시 강북구', '강북구', '37.646148', '127.016534', '01743', 2, 2, '고기.구이', '매일 11:00 ~ 22:30', 1, '고기마루', '010-5678-9012', 'TRUE', '온라인 주문 가능합니다.', '신선한 고기와 구이요리', '고기마루', '02-1098-7654', '32', '120', 71),
('2024-03-14 09:50:28.177494', '2024-03-14 09:50:28.177494', '서울특별시 도봉구', '도봉구', '37.664720', '127.047325', '01382', 2, 2, '찜.탕.찌개', '매일 11:00 ~ 21:30', 1, '찜탕마루', '010-5678-9012', 'TRUE', '예약 가능합니다.', '다양한 찜, 탕, 찌개 메뉴', '찜탕마루', '02-1098-7654', '30', '105', 72),
('2024-03-15 11:20:55.177494', '2024-03-15 11:20:55.177494', '서울특별시 강남구', '강남구', '37.601867', '127.079101', '02245', 2, 2, '치킨', '매일 11:30 ~ 23:00', 2, 'BBQ치킨', '010-5678-9012', 'TRUE', '온라인 주문 가능합니다.', '매콤한 치킨과 사이드 메뉴', 'BBQ 치킨', '02-1098-7654', '32', '125', 73),
('2024-03-16 09:50:28.177494', '2024-03-16 09:50:28.177494', '서울특별시 성동구', '성동구', '37.563236', '127.036772', '04710', 2, 2, '돈까스', '매일 11:00 ~ 22:00', 1, '돈가스마루', '010-5678-9012', 'TRUE', '예약 가능합니다.', '신선한 돈까스 요리', '돈가스마루', '02-1098-7654', '30', '110', 74),
('2024-03-17 11:20:55.177494', '2024-03-17 11:20:55.177494', '서울특별시 광진구', '광진구', '37.548144', '127.085065', '05044', 2, 2, '피자', '매일 12:00 ~ 23:00', 1, '피자마루', '010-5678-9012', 'TRUE', '예약은 전화로 가능합니다.', '다양한 토핑의 피자', '피자마루', '02-1098-7654', '25', '95', 75),
('2024-03-18 14:30:18.177494', '2024-03-18 14:30:18.177494', '서울특별시 노원구', '노원구', '37.654201', '127.056794', '01686', 2, 2, '양식', '매일 10:00 ~ 22:00', 1, '우리식당', '010-5678-9012', 'TRUE', '예약 가능합니다.', '다국적 요리의 양식', '우리식당', '02-1098-7654', '28', '100', 76),
('2024-03-19 10:15:43.177494', '2024-03-19 10:15:43.177494', '서울특별시 은평구', '은평구', '37.602642', '126.929419', '03347', 2, 2, '중식', '매일 11:30 ~ 23:00', 1, '중국집', '010-5678-9012', 'TRUE', '예약은 전화로 가능합니다.', '정통 중식 요리', '중국집', '02-1098-7654', '32', '120', 77),
('2024-03-20 09:45:22.177494', '2024-03-20 09:45:22.177494', '서울특별시 서대문구', '서대문구', '37.564362', '126.948990', '03780', 2, 2, '아시안', '매일 11:00 ~ 22:00', 1, '아시아마루', '010-5678-9012', 'TRUE', '온라인 주문 가능합니다.', '다양한 아시아 요리', '아시아마루', '02-1098-7654', '25', '95', 78),
('2024-03-21 11:20:55.177494', '2024-03-21 11:20:55.177494', '서울특별시 양천구', '양천구', '37.528044', '126.863894', '08005', 2, 2, '분식', '매일 12:00 ~ 24:00', 1, '분식마루', '010-5678-9012', 'TRUE', '예약 가능합니다.', '신선한 분식 요리', '분식마루', '02-1098-7654', '30', '100', 79),
('2024-03-22 09:50:28.177494', '2024-03-22 09:50:28.177494', '서울특별시 구로구', '구로구', '37.494744', '126.886081', '08390', 2, 2, '돈까스', '매일 11:00 ~ 22:30', 1, '돈까스하우스', '010-5678-9012', 'TRUE', '예약 가능합니다.', '신선한 돈까스 요리', '돈까스하우스', '02-1098-7654', '28', '100', 80),
('2024-03-23 11:20:55.177494', '2024-03-23 11:20:55.177494', '서울특별시 금천구', '금천구', '37.475374', '126.895772', '08629', 2, 2, '피자', '매일 11:30 ~ 23:00', 1, '피자몰', '010-5678-9012', 'TRUE', '온라인 주문 가능합니다.', '신선한 토핑의 피자', '피자몰', '02-1098-7654', '32', '125', 81),
('2024-03-24 09:50:28.177494', '2024-03-24 09:50:28.177494', '서울특별시 동작구', '동작구', '37.502474', '126.948294', '07001', 2, 2, '양식', '매일 11:00 ~ 22:00', 1, '양식프라자', '010-5678-9012', 'TRUE', '예약 가능합니다.', '다국적 요리의 양식', '양식프라자', '02-1098-7654', '30', '110', 82),
('2024-03-25 11:20:55.177494', '2024-03-25 11:20:55.177494', '서울특별시 동작구', '동작구', '37.502474', '126.948294', '07001', 2, 2, '중식', '매일 11:00 ~ 22:00', 1, '중화요리', '010-5678-9012', 'TRUE', '온라인 주문 가능합니다.', '정통 중식 요리', '중화요리', '02-1098-7654', '30', '110', 83),
('2024-03-25 11:20:55.177494', '2024-03-25 11:20:55.177494', '서울특별시 동작구', '동작구', '37.492019', '126.982002', '07001', 2, 2, '한식', '매일 10:00 ~ 22:00', 1, '맛있는 한식집', '010-1234-5678', 'TRUE', '예약 가능합니다.', '다양한 한식 메뉴 제공', '한식집', '02-9876-5432', '20', '80', 84),
('2024-03-01 08:30:45.177494', '2024-03-01 08:30:45.177494', '서울특별시 성동구', '성동구', '37.563236', '127.036772', '04710', 2, 2, '돈까스', '매일 11:00 ~ 22:00', 1, '돈까스동네', '010-1234-5678', 'TRUE', '예약 가능합니다.', '신선한 돈까스 요리', '돈까스동네', '02-9876-5432', '30', '100', 85),
('2024-03-02 11:20:55.177494', '2024-03-02 11:20:55.177494', '서울특별시 광진구', '광진구', '37.548144', '127.085065', '05044', 2, 2, '중식', '매일 12:00 ~ 23:00', 1, '홍콩반점', '010-2345-6789', 'TRUE', '예약은 전화로 가능합니다.', '다양한 중식 요리', '홍콩반점', '02-8765-4321', '25', '90', 86),
('2024-03-03 14:30:18.177494', '2024-03-03 14:30:18.177494', '서울특별시 노원구', '노원구', '37.654201', '127.056794', '01686', 2, 2, '아시안', '매일 10:00 ~ 22:00', 1, '아시아키친', '010-3456-7890', 'TRUE', '예약 가능합니다.', '아시아 요리의 다양성', '아시아키친', '02-7654-3210', '28', '95', 87),
('2024-03-04 10:15:43.177494', '2024-03-04 10:15:43.177494', '서울특별시 은평구', '은평구', '37.602642', '126.929419', '03347', 2, 2, '분식', '매일 11:30 ~ 23:00', 1, '분식당', '010-4567-8901', 'TRUE', '예약은 전화로 가능합니다.', '신선한 분식 요리', '분식당', '02-6543-2109', '32', '110', 88),
('2024-03-05 09:45:22.177494', '2024-03-05 09:45:22.177494', '서울특별시 서대문구', '서대문구', '37.564362', '126.948990', '03780', 2, 2, '돈까스', '매일 11:00 ~ 22:00', 1, '돈까스나라', '010-5678-9012', 'TRUE', '온라인 주문 가능합니다.', '신선한 돈까스 요리', '돈까스나라', '02-1098-7654', '25', '95', 89),
('2024-03-06 11:20:55.177494', '2024-03-06 11:20:55.177494', '서울특별시 양천구', '양천구', '37.528044', '126.863894', '08005', 2, 2, '중식', '매일 12:00 ~ 24:00', 1, '중국요리', '010-6789-0123', 'TRUE', '예약 가능합니다.', '정통 중식 요리', '중국요리', '02-7654-3210', '30', '100', 90);


#--------파트너 어테치먼트-----------------------------


insert into partnerattachment (filename, imageUrl, isImage, partnerId) VALUES
    ('사진1','https://image.toast.com/aaaaaqx/catchtable/shopinfo/sclyxAotIIvHeTsQ7SecaEA/clyxaotiivhetsq7secaea_2352310501583350.jpg',1,1),
    ('사진2','https://image.toast.com/aaaaaqx/catchtable/shopinfo/sclyxAotIIvHeTsQ7SecaEA/clyxaotiivhetsq7secaea_2352310501587636.jpg',1,1),
    ('사진3','https://image.toast.com/aaaaaqx/catchtable/shopinfo/sclyxAotIIvHeTsQ7SecaEA/clyxaotiivhetsq7secaea_2352310501587795.jpg',1,1),
    ('사진4','https://lh3.googleusercontent.com/p/AF1QipPfVKjTGGkYh8OLW7DtoYWbWTgkAih_i0AgP5lr=s680-w680-h510',1,2),
    ('사진31','https://image.toast.com/aaaaaqx/catchtable/shopinfo/s14063/14063_2012117051878366.jpg?detail750',1,2),
    ('사진5','https://image.toast.com/aaaaaqx/catchtable/shopinfo/sjdTkAxJi8e1X02OCeQjdOA/jdtkaxji8e1x02oceqjdoa_237512113808579.png?detail750',1,3),
    ('사진6','https://image.toast.com/aaaaaqx/catchtable/shopinfo/sR1B6qa4fT537GjL6KO9bHg/r1b6qa4ft537gjl6ko9bhg_2371016411290157.jpg?detail750',1,4),
    ('사진7','https://ugc-images.catchtable.co.kr/catchtable/shopinfo/sBBiBFMN4TMKGS_wxWHzQ1A/46fc93b0e6d5460aabfbbdfa3b6c262f?detail750',1,5),
    ('사진8','https://ugc-images.catchtable.co.kr/catchtable/shopinfo/spc8XLqQkwoPvQVvHrKby7A/c74b4710891749ba9a0c5f60e184c20d?detail750',1,6),
    ('사진9','https://image.toast.com/aaaaaqx/catchtable/shopinfo/sONn32WCV9edJm7OxF_hcqA/onn32wcv9edjm7oxf_hcqa_2371317362857540.jpg?detail750',1,7),
    ('사진10','https://ugc-images.catchtable.co.kr/rv/sU0FqZiAlANGf89HZCn7rbw/e34007809e23488f85c1ac3896ae458d',1,8),
    ('사진11','https://ugc-images.catchtable.co.kr/rv/sA4qp9Pt3isq6V0apHEGEqQ/c986fe594f4e48c0bb2a8cc70eb6c76e',1,9),
    ('사진12','https://image.toast.com/aaaaaqx/catchtable/shopinfo/sTkDM9-Ou_h6pSK4midndzg/tkdm9-ou_h6psk4midndzg_2342510552156345.jpg?detail750',1,10),
    ('사진13','https://image.toast.com/aaaaaqx/catchtable/shopinfo/s5VQV0VsuaF0fxLMB-RQvFQ/5vqv0vsuaf0fxlmb-rqvfq_2342511014291923.jpg?detail750',1,11),
    ('사진14','https://image.toast.com/aaaaaqx/catchtable/shopinfo/si3ed949noo8-IQGq7ZIZpA/i3ed949noo8-iqgq7zizpa_2342511071163551.jpg?detail750',1,12),
    ('사진15','https://image.toast.com/aaaaaqx/catchtable/shopinfo/suAZlG7_IYLQkV1KhMTqQDA/uazlg7_iylqkv1khmtqqda_2381017503172438.jpg?detail750',1,13),
    ('사진16','https://image.toast.com/aaaaaqx/catchtable/shopinfo/sSjFHpIJgypcTxjnH3oh19A/sjfhpijgypctxjnh3oh19a_2372618162731821.jpg?detail750',1,14),
    ('사진17','https://ugc-images.catchtable.co.kr/catchtable/shopinfo/sjcUoAFBvEdAtrHuRG0CHOA/233eef6764a941dfb258ce2b6c288d92?detail750',1,15),
    ('사진18','https://image.toast.com/aaaaaqx/catchtable/shopinfo/sEIoyVfSBqry0ED_oqS6QtQ/eioyvfsbqry0ed_oqs6qtq_2351617495520990.jpeg?detail750',1,16),
    ('사진19','https://image.toast.com/aaaaaqx/catchtable/shopinfo/sGLE9cw-FitTFZEhOEdUT_g/gle9cw-fittfzehoedut_g_2351215074761485.jpeg?detail750',1,17),
    ('사진20','https://image.toast.com/aaaaaqx/catchtable/shopinfo/snUVjSSlp0uXVetuDgQ-eWg/nuvjsslp0uxvetudgq-ewg_2352511164355747.jpg?detail750',1,18),
    ('사진21','https://image.toast.com/aaaaaqx/catchtable/shopinfo/sRpUFfIelZApNTQFn7_EkTQ/rpuffielzapntqfn7_ektq_2361617333044950.jpg?detail750',1,19),
    ('사진22','https://image.toast.com/aaaaaqx/catchtable/shopinfo/sqTUWbsiVKYGXcAsXwLSh1Q/qtuwbsivkygxcasxwlsh1q_236716303859638.jpeg?detail750',1,20),
    ('사진23','https://ugc-images.catchtable.co.kr/rv/sxZnVif6ld5CqjTOubw0X7g/479033a2e1c648e290dd4c8251f5cc13',1,21),
    ('사진24','https://image.toast.com/aaaaaqx/rv/s48LKmshXJbSoONbQjPXBow/221023175742932_rv.jpg?small200',1,22),
    ('사진25','https://ugc-images.catchtable.co.kr/rv/seUCmXllc1DS4W1csRi1Fcg/6f35c66ee8274ca09f8ad0d60226290d',1,23),
    ('사진26','https://ugc-images.catchtable.co.kr/rv/sNFiCk5XJ_OhZakVLcUSeUg/b361048c4301441591c430a213e1c31b',1,24),
    ('사진27','https://ugc-images.catchtable.co.kr/rv/s8xzM7ljsUvPJx75ZXROanQ/4ef5665b7e1c478d8f0deb3c050314ec',1,25),
    ('사진28','https://ugc-images.catchtable.co.kr/rv/swWzeDbMtWdcV-u6IxHNkQg/5093497b72394a85870f1d7d1838737b',1,26),
    ('사진29','https://ugc-images.catchtable.co.kr/rv/sxZnVif6ld5CqjTOubw0X7g/479033a2e1c648e290dd4c8251f5cc13',1,27),
    ('사진30','https://ugc-images.catchtable.co.kr/rv/s8xzM7ljsUvPJx75ZXROanQ/074c0b505ca24b53bcad6acf357a5286',1,28),
    ('사진31','https://image.toast.com/aaaaaqx/rv/s10976/_2062214123899918.jpg?small200',1,29),
    ('사진32','https://image.toast.com/aaaaaqx/rv/s10976/_2062214123898033.jpg?small200',1,30),
    ('The Brown Steakhouse','https://image.toast.com/aaaaaqx/catchtable/shopinfo/sclyxAotIIvHeTsQ7SecaEA/clyxaotiivhetsq7secaea_2352310501583350.jpg',1,31),
('해물마루', 'https://example.com/해물마루.jpg', 1, 32),
    ('마음소리', 'https://example.com/마음소리.jpg', 1, 33),
    ('소문난 초밥집', 'https://example.com/소문난초밥집.jpg', 1, 34),
    ('Mr. Steak', 'https://example.com/MrSteak.jpg', 1, 35),
    ('China House', 'https://example.com/ChinaHouse.jpg', 1, 36),
    ('Crispy Chicken', 'https://example.com/CrispyChicken.jpg', 1, 37),
    ('분식마루', 'https://example.com/분식마루.jpg', 1, 38),
    ('한우마을', 'https://example.com/한우마을.jpg', 1, 39),
    ('마마야', 'https://example.com/마마야.jpg', 1, 40),
    ('피자헤븐', 'https://example.com/피자헤븐.jpg', 1, 41),
    ('청춘플레아트', 'https://example.com/청춘플레아트.jpg', 1, 42),
    ('소반', 'https://example.com/소반.jpg', 1, 43),
    ('초밥이야기', 'https://example.com/초밥이야기.jpg', 1, 44),
    ('버거킹', 'https://example.com/버거킹.jpg', 1, 45),
    ('굽네 치킨', 'https://example.com/굽네치킨.jpg', 1, 46),
    ('김밥천국', 'https://example.com/김밥천국.jpg', 1, 47),
    ('바나나트리', 'https://example.com/바나나트리.jpg', 1, 48),
    ('도미노피자', 'https://example.com/도미노피자.jpg', 1, 49),
    ('차이나타운', 'https://example.com/차이나타운.jpg', 1, 50),
    ('스시마루', 'https://example.com/스시마루.jpg', 1, 51),
    ('춘천닭갈비', 'https://example.com/춘천닭갈비.jpg', 1, 52),
    ('가득한 식탁', 'https://example.com/가득한식탁.jpg', 1, 53),
    ('BBQ 치킨', 'https://example.com/BBQ치킨.jpg', 1, 54),
    ('주막', 'https://example.com/주막.jpg', 1, 55),
    ('불판', 'https://example.com/불판.jpg', 1, 56),
    ('가마솥', 'https://example.com/가마솥.jpg', 1, 57),
    ('보쌈마을', 'https://example.com/보쌈마을.jpg', 1, 58),
    ('그릴하우스', 'https://example.com/그릴하우스.jpg', 1, 59),
    ('찜탕집', 'https://example.com/찜탕집.jpg', 1, 60),
    ('족발나라', 'https://example.com/족발나라.jpg', 1, 61),
    ('불나방', 'https://example.com/불나방.jpg', 1, 62),
    ('찜탕네', 'https://example.com/찜탕네.jpg', 1, 63),
    ('보쌈명가', 'https://example.com/보쌈명가.jpg', 1, 64),
    ('불맛집', 'https://example.com/불맛집.jpg', 1, 65),
    ('찜닭', 'https://example.com/찜닭.jpg', 1, 66),
    ('족발남', 'https://example.com/족발남.jpg', 1, 67),
    ('불가마', 'https://example.com/불가마.jpg', 1, 68),
    ('보쌈마루', 'https://example.com/보쌈마루.jpg', 1, 69),
    ('족발센터', 'https://example.com/족발센터.jpg', 1, 70),
    ('고기마루', 'https://example.com/고기마루.jpg', 1, 71),
    ('찜탕마루', 'https://example.com/찜탕마루.jpg', 1, 72),
    ('BBQ치킨', 'https://example.com/BBQ치킨.jpg', 1, 73),
    ('돈가스마루', 'https://example.com/돈가스마루.jpg', 1, 74),
    ('피자마루', 'https://example.com/피자마루.jpg', 1, 75),
    ('우리식당', 'https://example.com/우리식당.jpg', 1, 76),
    ('중국집', 'https://example.com/중국집.jpg', 1, 77),
    ('아시아마루', 'https://example.com/아시아마루.jpg', 1, 78),
    ('분식마루', 'https://example.com/분식마루.jpg', 1, 79),
    ('돈까스하우스', 'https://example.com/돈까스하우스.jpg', 1, 80),
    ('피자몰', 'https://example.com/피자몰.jpg', 1, 81),
    ('양식프라자', 'https://example.com/양식프라자.jpg', 1, 82),
    ('중화요리', 'https://example.com/중화요리.jpg', 1, 83),
    ('한식집', 'https://example.com/한식집.jpg', 1, 84),
    ('돈까스동네', 'https://example.com/돈까스동네.jpg', 1, 85),
    ('홍콩반점', 'https://example.com/홍콩반점.jpg', 1, 86),
    ('아시아키친', 'https://example.com/아시아키친.jpg', 1, 87),
    ('분식당', 'https://example.com/분식당.jpg', 1, 88),
    ('돈까스나라', 'https://example.com/돈까스나라.jpg', 1, 89),
    ('중화요리', 'https://example.com/중화요리.jpg', 1, 90)
;








#----------------리뷰 샘플 ----------------------------------------

 insert into storereview (avg, createdAt, id, partnerId, userId, updatedAt, content) values
('5','2024-02-15 13:48:28.177494',1,1,1,'2024-02-18 13:48:28.177494','리뷰1 test'),
('5','2024-02-15 13:48:28.177494',29,1,1,'2024-02-18 13:48:28.177494','리뷰2 test'),
('1','2024-02-15 13:48:28.177494',2,1,10,'2024-02-18 13:48:28.177494','리뷰3 test'),
('2','2024-02-15 13:48:28.177494',3,1,14,'2024-02-18 13:48:28.177494','리뷰4 test'),
('3','2024-02-16 13:48:28.177494',4,1,4,'2024-02-18 13:48:28.177494','리뷰5 test'),
('3','2024-02-17 13:48:28.177494',5,1,5,'2024-02-18 13:48:28.177494','리뷰6 test'),
('5','2024-02-18 13:48:28.177494',6,1,6,'2024-02-18 13:48:28.177494','리뷰7 test!!'),
('5','2024-02-12 13:48:28.177494',7,1,7,'2024-02-18 13:48:28.177494','리뷰8 test'),
('4','2024-02-13 13:48:28.177494',8,1,8,'2024-02-18 13:48:28.177494','리뷰9 test'),
('3','2024-02-15 13:48:28.177494',9,1,9,'2024-02-18 13:48:28.177494','리뷰10 test'),
('2','2024-02-16 13:48:28.177494',10,1,20,'2024-02-18 13:48:28.177494','리뷰11 test'),
('4','2024-02-14 13:48:28.177494',11,1,5,'2024-02-18 13:48:28.177494','리뷰12 test'),
('3','2024-02-15 13:48:28.177494',12,1,7,'2024-02-18 13:48:28.177494','리뷰13 test'),
('5','2024-02-18 13:48:28.177494',13,1,9,'2024-02-18 13:48:28.177494','리뷰14 test'),
('5','2024-02-13 13:48:28.177494',14,1,3,'2024-02-18 13:48:28.177494','리뷰15 test'),
('5','2024-02-15 13:48:28.177494',15,2,1,'2024-02-18 13:48:28.177494','리뷰16 test'),
('1','2024-02-15 13:48:28.177494',16,2,10,'2024-02-18 13:48:28.177494','리뷰17 test'),
('2','2024-02-15 13:48:28.177494',17,2,14,'2024-02-18 13:48:28.177494','리뷰18 test'),
('3','2024-02-16 13:48:28.177494',18,2,4,'2024-02-18 13:48:28.177494','리뷰19 test'),
('3','2024-02-17 13:48:28.177494',19,2,5,'2024-02-18 13:48:28.177494','리뷰20 test'),
('5','2024-02-18 13:48:28.177494',20,3,6,'2024-02-18 13:48:28.177494','리뷰21 test!!'),
('5','2024-02-12 13:48:28.177494',21,3,7,'2024-02-18 13:48:28.177494','리뷰22 test'),
('4','2024-02-13 13:48:28.177494',22,3,8,'2024-02-18 13:48:28.177494','리뷰23 test'),
('3','2024-02-15 13:48:28.177494',23,3,9,'2024-02-18 13:48:28.177494','리뷰24 test'),
('2','2024-02-16 13:48:28.177494',24,3,20,'2024-02-18 13:48:28.177494','리뷰25 test'),
('4','2024-02-14 13:48:28.177494',25,3,5,'2024-02-18 13:48:28.177494','리뷰26 test'),
('3','2024-02-15 13:48:28.177494',26,3,7,'2024-02-18 13:48:28.177494','리뷰27 test'),
('5','2024-02-18 13:48:28.177494',27,3,9,'2024-02-18 13:48:28.177494','리뷰28 test'),
('2','2024-02-13 13:48:28.177494',28,3,3,'2024-02-18 13:48:28.177494','리뷰29 test'),
('4','2024-02-13 13:48:28.177494',30,3,22,'2024-02-18 13:48:28.177494','리뷰30 test'),
('3','2024-02-13 13:48:28.177494',31,3,22,'2024-02-18 13:48:28.177494','리뷰31 test'),
('1','2024-02-13 13:48:28.177494',32,3,22,'2024-02-18 13:48:28.177494','리뷰32 test'),
('5','2024-02-13 13:48:28.177494',33,3,23,'2024-02-18 13:48:28.177494','리뷰33 test'),
('3','2024-02-13 13:48:28.177494',34,3,23,'2024-02-18 13:48:28.177494','리뷰34 test'),
('3','2024-02-13 13:48:28.177494',35,3,23,'2024-02-18 13:48:28.177494','리뷰35 test'),
('3','2024-02-13 13:48:28.177494',36,3,23,'2024-02-18 13:48:28.177494','리뷰36 test'),
('2','2024-02-13 13:48:28.177494',37,3,23,'2024-02-18 13:48:28.177494','리뷰37 test'),
('1','2024-02-13 13:48:28.177494',38,3,24,'2024-02-18 13:48:28.177494','리뷰38 test'),
('4','2024-02-13 13:48:28.177494',39,3,24,'2024-02-18 13:48:28.177494','리뷰39 test'),
('4','2024-02-13 13:48:28.177494',40,3,24,'2024-02-18 13:48:28.177494','리뷰40 test'),
('3','2024-02-13 13:48:28.177494',41,3,24,'2024-02-18 13:48:28.177494','리뷰41 test'),
('2','2024-02-13 13:48:28.177494',42,3,26,'2024-02-18 13:48:28.177494','리뷰42 test'),
('3','2024-02-13 13:48:28.177494',43,3,25,'2024-02-18 13:48:28.177494','리뷰43 test'),
('3','2024-02-13 13:48:28.177494',44,3,27,'2024-02-18 13:48:28.177494','리뷰44 test'),
('4','2024-02-13 13:48:28.177494',45,3,28,'2024-02-18 13:48:28.177494','리뷰45 test'),
('2','2024-02-13 13:48:28.177494',46,3,29,'2024-02-18 13:48:28.177494','리뷰46 test'),
('1','2024-02-13 13:48:28.177494',47,3,30,'2024-02-18 13:48:28.177494','리뷰47 test'),
('5','2024-02-13 13:48:28.177494',48,3,30,'2024-02-18 13:48:28.177494','리뷰48 test'),
('5','2024-02-13 13:48:28.177494',49,3,30,'2024-02-18 13:48:28.177494','리뷰49 test');



insert into partnerreviewattachment (isImage, createdAt, id, partnerId, storeReviewId, updatedAt, filename, imageUrl) VALUES
(1,'2024-02-15 13:48:28.177494',1,1,1,'2024-02-18 13:48:28.177494','123','https://ugc-images.catchtable.co.kr/rv/s3cSNdEyRL50KeKUYvOAJug/00760e40755643f786b5d97d961a209d?small220'),
(1,'2024-02-15 13:48:28.177494',30,1,1,'2024-02-18 13:48:28.177494','123','https://ugc-images.catchtable.co.kr/rv/s7qElyOWH4iYaJoTd5P-VAw/ab8600f444c54313a2625968c9b077c0?small220'),
(1,'2024-02-15 13:48:28.177494',31,1,1,'2024-02-18 13:48:28.177494','123','https://ugc-images.catchtable.co.kr/rv/s7qElyOWH4iYaJoTd5P-VAw/ab8600f444c54313a2625968c9b077c0?small220'),
(1,'2024-02-15 13:48:28.177494',32,1,1,'2024-02-18 13:48:28.177494','123','https://ugc-images.catchtable.co.kr/rv/s7qElyOWH4iYaJoTd5P-VAw/ab8600f444c54313a2625968c9b077c0?small220'),
(1,'2024-02-15 13:48:28.177494',2,1,2,'2024-02-18 13:48:28.177494','123','https://ugc-images.catchtable.co.kr/rv/s3cSNdEyRL50KeKUYvOAJug/d2cc80fab644402ab73e965386c5c3df?small220'),
(1,'2024-02-15 13:48:28.177494',33,1,2,'2024-02-18 13:48:28.177494','123','https://ugc-images.catchtable.co.kr/rv/s7qElyOWH4iYaJoTd5P-VAw/9578658354ac4c0e9c7fa5abd59bb681?small220'),
(1,'2024-02-15 13:48:28.177494',34,1,2,'2024-02-18 13:48:28.177494','123','https://ugc-images.catchtable.co.kr/rv/s7qElyOWH4iYaJoTd5P-VAw/9578658354ac4c0e9c7fa5abd59bb681?small220'),
(1,'2024-02-15 13:48:28.177494',3,1,3,'2024-02-18 13:48:28.177494','123','https://ugc-images.catchtable.co.kr/rv/s3cSNdEyRL50KeKUYvOAJug/efb10aef25194c5d80d9488e62f0e684?small220'),
(1,'2024-02-15 13:48:28.177494',35,1,3,'2024-02-18 13:48:28.177494','123','https://toast-images.catchtable.co.kr/aaaaaqx/rv/s7qElyOWH4iYaJoTd5P-VAw/221230101540989_rv.jpg?small220'),
(1,'2024-02-16 13:48:28.177494',4,1,4,'2024-02-18 13:48:28.177494','123','https://ugc-images.catchtable.co.kr/rv/s3cSNdEyRL50KeKUYvOAJug/fe44f73f4a914b0094191ed35e66b716?small220'),
(1,'2024-02-17 13:48:28.177494',5,1,5,'2024-02-18 13:48:28.177494','123','https://ugc-images.catchtable.co.kr/rv/s3cSNdEyRL50KeKUYvOAJug/019aa0cf1404475ca1daaea8c1b18070?small220'),
(1,'2024-02-18 13:48:28.177494',6,1,6,'2024-02-18 13:48:28.177494','123','https://ugc-images.catchtable.co.kr/rv/s3cSNdEyRL50KeKUYvOAJug/221cd4144e77464d866a059d00dd8fdd?small220'),
(1,'2024-02-12 13:48:28.177494',7,1,7,'2024-02-18 13:48:28.177494','123','https://ugc-images.catchtable.co.kr/rv/s3cSNdEyRL50KeKUYvOAJug/a3e6fed4cf9d491c94ba50d3bc4c737a?small220'),
(1,'2024-02-13 13:48:28.177494',8,1,8,'2024-02-18 13:48:28.177494','123','https://ugc-images.catchtable.co.kr/rv/s3cSNdEyRL50KeKUYvOAJug/1fa0aa13a62949ab87fe699f4a4aea9b?small220'),
(1,'2024-02-15 13:48:28.177494',9,1,9,'2024-02-18 13:48:28.177494','123','https://ugc-images.catchtable.co.kr/rv/s3cSNdEyRL50KeKUYvOAJug/e4321b09982547088c8e8d852132927e?small220'),
(1,'2024-02-16 13:48:28.177494',10,1,10,'2024-02-18 13:48:28.177494','123','https://ugc-images.catchtable.co.kr/rv/s3cSNdEyRL50KeKUYvOAJug/d9db0f0c7ef94537804db9952e956480?small220'),
(1,'2024-02-14 13:48:28.177494',11,1,11,'2024-02-18 13:48:28.177494','123','https://ugc-images.catchtable.co.kr/rv/s3cSNdEyRL50KeKUYvOAJug/e09319b41a4c4c5b9d0edc0e27e330c9?small220'),
(1,'2024-02-15 13:48:28.177494',12,1,12,'2024-02-18 13:48:28.177494','123','https://ugc-images.catchtable.co.kr/rv/s3cSNdEyRL50KeKUYvOAJug/8082d0ced4be404d8b3253c235e26052?small220'),
(1,'2024-02-18 13:48:28.177494',13,1,13,'2024-02-18 13:48:28.177494','123','https://ugc-images.catchtable.co.kr/rv/s3cSNdEyRL50KeKUYvOAJug/953d35e8d5514348bf0ead8d966ddeb6?small220'),
(1,'2024-02-13 13:48:28.177494',14,1,14,'2024-02-18 13:48:28.177494','123','https://ugc-images.catchtable.co.kr/rv/s7qElyOWH4iYaJoTd5P-VAw/c85d07d4af144f9d9967e73416bd6fe3?small220'),
(1,'2024-02-15 13:48:28.177494',15,2,15,'2024-02-18 13:48:28.177494','123','https://recipe1.ezmember.co.kr/cache/recipe/2022/09/30/8714be7bc9a0ed8525f007521485a80a1.jpg'),
(1,'2024-02-15 13:48:28.177494',16,2,16,'2024-02-18 13:48:28.177494','123','https://encrypted-tbn0.gstatic.com/images?q=tbn:ANd9GcTo7CIstHbDi4y6iBeqcnBfy2noJOdBlvah84aqyXzR5Q&s'),
(1,'2024-02-15 13:48:28.177494',17,2,17,'2024-02-18 13:48:28.177494','123','https://image.ohou.se/i/bucketplace-v2-development/uploads/projects/cover_images/166873420152454370.png?w=960&h=960&c=c'),
(1,'2024-02-16 13:48:28.177494',18,2,18,'2024-02-18 13:48:28.177494','123','https://image.ohou.se/i/bucketplace-v2-development/uploads/projects/cover_images/167291735623126121.png?w=960&h=960&c=c'),
(1,'2024-02-17 13:48:28.177494',19,2,19,'2024-02-18 13:48:28.177494','123','https://encrypted-tbn0.gstatic.com/images?q=tbn:ANd9GcQi8MFeQE1pYxcS26W-XM8cGubJ2sQw4ZYS0NPM6QN56Q&s'),
(1,'2024-02-18 13:48:28.177494',20,3,20,'2024-02-18 13:48:28.177494','123','https://toast-images.catchtable.co.kr/aaaaaqx/rv/sDOnG--ipNpE0KsoSzlTm2g/230330092038892(0).jpeg?small220'),
(1,'2024-02-12 13:48:28.177494',21,3,21,'2024-02-18 13:48:28.177494','123','https://toast-images.catchtable.co.kr/aaaaaqx/rv/s7qElyOWH4iYaJoTd5P-VAw/23613140844993_rv.jpg?small220'),
(1,'2024-02-13 13:48:28.177494',22,3,22,'2024-02-18 13:48:28.177494','123','https://toast-images.catchtable.co.kr/aaaaaqx/rv/s7qElyOWH4iYaJoTd5P-VAw/221225215527906(1).jpeg?small220'),
(1,'2024-02-15 13:48:28.177494',23,3,23,'2024-02-18 13:48:28.177494','123','https://ugc-images.catchtable.co.kr/rv/s7qElyOWH4iYaJoTd5P-VAw/13d0d6e634a44827934c720ec573f5d6?small220'),
(1,'2024-02-16 13:48:28.177494',24,3,24,'2024-02-18 13:48:28.177494','123','https://ugc-images.catchtable.co.kr/rv/s7qElyOWH4iYaJoTd5P-VAw/dce255e3a23040e9a6a05f539fdfdc38?small220'),
(1,'2024-02-14 13:48:28.177494',25,3,25,'2024-02-18 13:48:28.177494','123','https://ugc-images.catchtable.co.kr/rv/s7qElyOWH4iYaJoTd5P-VAw/c331cd45277f4041950346e992c9d2fb?small220'),
(1,'2024-02-15 13:48:28.177494',26,3,26,'2024-02-18 13:48:28.177494','123','https://ugc-images.catchtable.co.kr/rv/s7qElyOWH4iYaJoTd5P-VAw/6d841c4f1815402d8d92e25cfe3f73a3?small220'),
(1,'2024-02-18 13:48:28.177494',27,3,27,'2024-02-18 13:48:28.177494','123','https://toast-images.catchtable.co.kr/aaaaaqx/rv/s7qElyOWH4iYaJoTd5P-VAw/221227224355079_rv.jpg?small220'),
(1,'2024-02-13 13:48:28.177494',28,3,28,'2024-02-18 13:48:28.177494','123','https://ugc-images.catchtable.co.kr/rv/s7qElyOWH4iYaJoTd5P-VAw/c85d07d4af144f9d9967e73416bd6fe3?small220'),
(1,'2024-02-13 13:48:28.177494',29,3,29,'2024-02-18 13:48:28.177494','123','https://ugc-images.catchtable.co.kr/rv/s7qElyOWH4iYaJoTd5P-VAw/c85d07d4af144f9d9967e73416bd6fe3?small220'),
(1,'2024-02-13 13:48:28.177494',36,3,36,'2024-02-18 13:48:28.177494','123','https://eatablebucket.s3.ap-northeast-2.amazonaws.com/1707717950973-eatabel-1.png'),
(1,'2024-02-13 13:48:28.177494',37,3,37,'2024-02-18 13:48:28.177494','123','https://eatablebucket.s3.ap-northeast-2.amazonaws.com/1707717950973-eatabel-1.png'),
(1,'2024-02-13 13:48:28.177494',38,3,38,'2024-02-18 13:48:28.177494','123','https://eatablebucket.s3.ap-northeast-2.amazonaws.com/1707717950973-eatabel-1.png'),
(1,'2024-02-13 13:48:28.177494',39,3,39,'2024-02-18 13:48:28.177494','123','https://eatablebucket.s3.ap-northeast-2.amazonaws.com/1707717950973-eatabel-1.png'),
(1,'2024-02-13 13:48:28.177494',40,3,40,'2024-02-18 13:48:28.177494','123','https://eatablebucket.s3.ap-northeast-2.amazonaws.com/1707717950973-eatabel-1.png'),
(1,'2024-02-13 13:48:28.177494',41,3,41,'2024-02-18 13:48:28.177494','123','https://eatablebucket.s3.ap-northeast-2.amazonaws.com/1707717950973-eatabel-1.png'),
(1,'2024-02-13 13:48:28.177494',42,3,42,'2024-02-18 13:48:28.177494','123','https://eatablebucket.s3.ap-northeast-2.amazonaws.com/1707717950973-eatabel-1.png'),
(1,'2024-02-13 13:48:28.177494',43,3,43,'2024-02-18 13:48:28.177494','123','https://eatablebucket.s3.ap-northeast-2.amazonaws.com/1707717950973-eatabel-1.png'),
(1,'2024-02-13 13:48:28.177494',44,4,44,'2024-02-18 13:48:28.177494','123','https://eatablebucket.s3.ap-northeast-2.amazonaws.com/1707717950973-eatabel-1.png'),
(1,'2024-02-13 13:48:28.177494',45,4,45,'2024-02-18 13:48:28.177494','123','https://eatablebucket.s3.ap-northeast-2.amazonaws.com/1707717950973-eatabel-1.png'),
(1,'2024-02-13 13:48:28.177494',46,4,46,'2024-02-18 13:48:28.177494','123','https://eatablebucket.s3.ap-northeast-2.amazonaws.com/1707717950973-eatabel-1.png'),
(1,'2024-02-13 13:48:28.177494',47,4,47,'2024-02-18 13:48:28.177494','123','https://eatablebucket.s3.ap-northeast-2.amazonaws.com/1707717950973-eatabel-1.png'),
(1,'2024-02-13 13:48:28.177494',48,4,48,'2024-02-18 13:48:28.177494','123','https://eatablebucket.s3.ap-northeast-2.amazonaws.com/1707717950973-eatabel-1.png'),
(1,'2024-02-13 13:48:28.177494',49,4,49,'2024-02-18 13:48:28.177494','123','https://eatablebucket.s3.ap-northeast-2.amazonaws.com/1707717950973-eatabel-1.png');





insert into partnermenu (createdAt, id, partnerId, updatedAt, menuImageUrl, name, price) VALUES
('2024-02-22 00:10:10.315438',1,1,'2024-02-22 00:10:10.315438','https://eatablebucket.s3.ap-northeast-2.amazonaws.com/1708528210082-3csndeyrl50kekuyvoajug_2371717525516841.png','버크셔k로스카츠',15500),
('2024-02-22 00:10:10.315438',2,1,'2024-02-22 00:10:10.315438','https://eatablebucket.s3.ap-northeast-2.amazonaws.com/1708528233146-3csndeyrl50kekuyvoajug_2371717531959459.png','버크셔k특로스카츠(한정수량)',18500),
('2024-02-22 00:10:10.315438',3,1,'2024-02-22 00:10:10.315438','https://eatablebucket.s3.ap-northeast-2.amazonaws.com/1708528257287-3csndeyrl50kekuyvoajug_2371717550549263.png','로스카츠',12000),
('2024-02-22 00:10:10.315438',4,1,'2024-02-22 00:10:10.315438','https://eatablebucket.s3.ap-northeast-2.amazonaws.com/1708528273771-3csndeyrl50kekuyvoajug_2371717533700937_%281%29.png','히레카츠',12500),
('2024-02-22 00:10:10.315438',5,1,'2024-02-22 00:10:10.315438','https://eatablebucket.s3.ap-northeast-2.amazonaws.com/1708528287811-3csndeyrl50kekuyvoajug_2371717563497630.png','에비카츠',15500),
('2024-02-22 00:10:10.315438',6,1,'2024-02-22 00:10:10.315438','https://eatablebucket.s3.ap-northeast-2.amazonaws.com/1708528307078-3csndeyrl50kekuyvoajug_2371717562068833.png','모둠카츠',12000),
('2024-02-22 00:10:10.315438',7,2,'2024-02-22 00:10:10.315438','https://encrypted-tbn0.gstatic.com/images?q=tbn:ANd9GcRDmQKF1zl6jofY49fYuoIHWbrsnrBGAxLUJ3MmOYllWw&s','참치김밥',4500),
('2024-02-22 00:10:10.315438',8,2,'2024-02-22 00:10:10.315438','https://recipe1.ezmember.co.kr/cache/recipe/2021/10/07/5e2736fda6c664551f75b6b30d9d391f1.jpg','야채김밥',3500),
('2024-02-22 00:10:10.315438',9,2,'2024-02-22 00:10:10.315438','https://encrypted-tbn0.gstatic.com/images?q=tbn:ANd9GcT5QdGqLby19kWMaLyjBU3Wv49xsePdunOPhsTt_ORFcA&s','불고기김밥',4500),
('2024-02-22 00:10:10.315438',10,2,'2024-02-22 00:10:10.315438','https://mblogthumb-phinf.pstatic.net/MjAyMzA2MjRfMzQg/MDAxNjg3NTYxNDMwNzc2.9Kzb5MK6rzC-xXgqeDOGKy7mMvN8u5VWwt7_bHYoSTIg.-UjaE4T2aHdaYDf41NXe6uv6lycS-qNlDo3oSiqEQSog.JPEG.sunwly/KakaoTalk_20230623_182533532_18.jpg?type=w800','돈까스김밥',4500),
('2024-02-22 00:10:10.315438',11,2,'2024-02-22 00:10:10.315438','https://recipe1.ezmember.co.kr/cache/recipe/2021/11/18/f15c296c3b3f8d2a08a446850860b84d1.jpg','멸치김밥',4500),
('2024-02-22 00:10:10.315438',12,2,'2024-02-22 00:10:10.315438','https://homecuisine.co.kr/files/attach/images/140/406/043/aaf17d4d9d6d75d22d85e8fe691be2f4.JPG','치즈김밥',4000);



insert into userhistory (id, createdAt,updatedAt,name) values
(1,'2024-02-26 00:10:10.315438','2024-02-26 00:10:10.315438','user1이 로그인을 하였습니다.'),
(2,'2024-02-26 00:10:10.315438','2024-02-26 00:10:10.315438','user1이 로그아웃을 하였습니다.'),
(3,'2024-02-26 00:10:10.315438','2024-02-26 00:10:10.315438','user1이 회원탈퇴를 하였습니다.'),
(4,'2024-02-26 00:10:10.315438','2024-02-26 00:10:10.315438','user1이 회원 정보를 닉네임을 수정하였습니다.'),
(5,'2024-02-26 00:10:10.315438','2024-02-26 00:10:10.315438','user1이 회원 정보 전화번호를 수정하였습니다.'),
(6,'2024-02-26 00:10:10.315438','2024-02-26 00:10:10.315438','admin이 로그인을 하였습니다.'),
(7,'2024-02-26 00:10:10.315438','2024-02-26 00:10:10.315438','admin이 로그아웃을 하였습니다.'),
(8,'2024-02-26 00:10:10.315438','2024-02-26 00:10:10.315438','user2이 로그인을 하였습니다.'),
(9,'2024-02-26 00:10:10.315438','2024-02-26 00:10:10.315438','user2이 로그아웃을 하였습니다.'),
(10,'2024-02-26 00:10:10.315438','2024-02-26 00:10:10.315438','user2이 회원 탈퇴를 하였습니다.'),
(11,'2024-02-27 00:10:10.315438','2024-02-27 00:10:10.315438','user3이 로그인을 하였습니다.'),
(12,'2024-02-27 00:10:10.315438','2024-02-27 00:10:10.315438','user3이 로그아웃을 하였습니다.'),
(13,'2024-02-27 00:10:10.315438','2024-02-27 00:10:10.315438','user1이 로그인을 하였습니다.'),
(14,'2024-02-27 00:10:10.315438','2024-02-27 00:10:10.315438','user1이 로그아웃을 하였습니다.'),
(15,'2024-02-27 00:10:10.315438','2024-02-27 00:10:10.315438','naver7vTW_Fqm9zDh9jNR3ApY1krYDmSKtLbnRDu8aCRlcos가 회원 정보 전화번호를하였습니다.'),
(16,'2024-02-27 00:10:10.315438','2024-02-27 00:10:10.315438','naver7vTW_Fqm9zDh9jNR3ApY1krYDmSKtLbnRDu8aCRlcos가 로그인을 하였습니다.'),
(17,'2024-02-27 00:10:10.315438','2024-02-27 00:10:10.315438','naver7vTW_Fqm9zDh9jNR3ApY1krYDmSKtLbnRDu8aCRlcos가 로그아웃을 하였습니다.'),
(18,'2024-02-27 00:10:10.315438','2024-02-27 00:10:10.315438','admin이 로그인을 하였습니다.');

